timestamp,key
1709951253.780766,up
1709951253.8112798,up
1709951253.8394,up
1709951253.8400578,up
1709951253.8403494,up
1709951253.8405821,up
1709951253.840829,up
1709951253.8418198,up
1709951253.8421583,up
1709951253.8424056,up
1709951253.842633,up
1709951253.8428614,up
1709951253.8430872,up
1709951253.8433359,up
1709951253.8436174,up
1709951253.8439143,up
1709951253.8447368,up
1709951253.8451831,up
1709951253.8459735,up
1709951253.8464558,up
1709951253.8468416,up
1709951253.847375,up
1709951253.8478382,up
1709951253.8482707,up
1709951253.8657687,up
1709951253.8871758,up
1709951253.8911705,up
1709951253.9184933,up
1709951253.9639704,up
1709951253.9705539,up
1709951253.9921153,up
1709951254.0128462,up
1709951254.0466795,up
1709951254.0772922,up
1709951254.0967057,up
1709951254.1114829,up
1709951254.1275382,up
1709951254.149301,up
1709951254.1656227,up
1709951254.177383,up
1709951254.1930711,up
1709951254.2120876,up
1709951254.2290235,up
1709951254.2347815,up
1709951254.2631192,up
1709951254.2980788,up
1709951254.2991056,up
1709951254.3096523,up
1709951254.3265922,up
1709951254.3270628,up
1709951254.3273382,up
1709951254.3276112,up
1709951254.3339581,up
1709951254.3457935,up
1709951254.369135,up
1709951254.3702023,up
1709951254.3707776,up
1709951254.371206,up
1709951254.371562,up
1709951254.3849294,up
1709951254.410156,up
1709951254.4354758,up
1709951254.4617317,up
1709951254.4749064,up
1709951254.4965098,up
1709951254.5090818,up
1709951254.5371878,up
1709951254.5688264,up
1709951254.5898893,up
1709951254.6126268,up
1709951254.6322336,up
1709951254.6531596,up
1709951254.6678817,up
1709951254.668531,up
1709951254.6694403,up
1709951254.6706374,up
1709951254.6718743,up
1709951254.6878493,up
1709951254.7023573,up
1709951254.7332807,up
1709951254.7687683,up
1709951254.7697248,up
1709951254.7701993,up
1709951254.7704954,up
1709951254.770765,up
1709951254.7712443,up
1709951254.7715604,up
1709951254.7719083,up
1709951254.7722323,up
1709951254.7724977,up
1709951254.7727408,up
1709951254.7729814,up
1709951254.7732239,up
1709951254.773462,up
1709951254.773904,up
1709951254.7742288,up
1709951254.774554,up
1709951254.7750435,up
1709951254.775518,up
1709951254.7758176,up
1709951254.7761354,up
1709951254.776458,up
1709951254.7767556,up
1709951254.777048,up
1709951254.7774863,up
1709951254.7782338,up
1709951254.7789674,up
1709951254.7797918,up
1709951254.780472,up
1709951254.781046,up
1709951254.7816274,up
1709951254.782215,up
1709951254.7909982,up
1709951254.816526,up
1709951254.8333757,up
1709951254.8730066,up
1709951254.8899968,up
1709951254.9198146,up
1709951254.9461143,up
1709951254.9594557,up
1709951254.991743,up
1709951255.013912,up
1709951255.0396903,up
1709951255.0636811,up
1709951255.0748866,up
1709951255.0942068,up
1709951255.1311603,up
1709951255.1458583,up
1709951255.1766098,up
1709951255.2118065,up
1709951255.2278023,up
1709951255.2505515,up
1709951255.2703946,up
1709951255.3043292,up
1709951255.3391197,up
1709951255.3578796,up
1709951255.383142,up
1709951255.38451,up
1709951255.3851469,up
1709951255.385694,up
1709951255.3861706,up
1709951255.386637,up
1709951255.3870487,up
1709951255.3875356,up
1709951255.3879342,up
1709951255.3883293,up
1709951255.3886852,up
1709951255.3890228,up
1709951255.389367,up
1709951255.3898547,up
1709951255.3902366,up
1709951255.3906722,up
1709951255.3911252,up
1709951255.3915446,up
1709951255.391943,up
1709951255.392548,up
1709951255.3930259,up
1709951255.3934376,up
1709951255.394203,up
1709951255.3949888,up
1709951255.4028327,up
1709951255.4041207,up
1709951255.4277158,up
1709951255.42851,up
1709951255.4500248,up
1709951255.4934282,up
1709951255.5165987,up
1709951255.5420887,up
1709951255.5731645,up
1709951255.5937865,up
1709951255.6126807,up
1709951255.6377783,up
1709951255.6642761,up
1709951255.6914072,up
1709951255.7110481,up
1709951255.7782228,up
1709951255.7794418,up
1709951255.780396,up
1709951255.78093,up
1709951255.781299,up
1709951255.7818997,up
1709951255.7824044,up
1709951255.7828093,up
1709951255.7831373,up
1709951255.7834682,up
1709951255.78378,up
1709951255.784257,up
1709951255.7845218,up
1709951255.7847583,up
1709951255.7849905,up
1709951255.7852483,up
1709951255.7855027,up
1709951255.7936847,up
1709951255.794374,up
1709951255.7947733,up
1709951255.7950325,up
1709951255.7953136,up
1709951255.7955549,up
1709951255.7957938,up
1709951255.7960231,up
1709951255.7962677,up
1709951255.7965255,up
1709951255.7967708,up
1709951255.7969942,up
1709951255.7972255,up
1709951255.7974484,up
1709951255.7977245,up
1709951255.7979476,up
1709951255.7981699,up
1709951255.7983885,up
1709951255.7986171,up
1709951255.7988343,up
1709951255.799052,up
1709951255.7992706,up
1709951255.7994957,up
1709951255.7997122,up
1709951255.7999291,up
1709951255.8001451,up
1709951255.800359,up
1709951255.800574,up
1709951255.8007898,up
1709951255.801009,up
1709951255.801253,up
1709951255.8014936,up
1709951255.8018086,up
1709951255.8020725,up
1709951255.8023326,up
1709951255.8026314,up
1709951255.8029404,up
1709951255.803226,up
1709951255.8034945,up
1709951255.8037398,up
1709951255.8039887,up
1709951255.8042235,up
1709951255.8044448,up
1709951255.8046763,up
1709951255.804907,up
1709951255.8051388,up
1709951255.805358,up
1709951255.8112063,up
1709951255.8184588,up
1709951255.8365097,up
1709951255.8669167,up
1709951255.867585,up
1709951255.8681324,up
1709951255.8692575,up
1709951255.8701112,up
1709951255.8706286,up
1709951255.8709948,up
1709951255.8713908,up
1709951255.8717875,up
1709951255.8721917,up
1709951255.8726118,up
1709951255.8911357,up
1709951255.9189596,up
1709951255.9499476,up
1709951255.9747021,up
1709951255.9956791,up
1709951256.012331,up
1709951256.0248208,up
1709951256.0355685,up
1709951256.0451002,up
1709951256.068841,up
1709951256.0859818,up
1709951256.1003847,up
1709951256.121534,up
1709951256.1359591,up
1709951256.1477911,up
1709951256.170277,up
1709951256.2010362,up
1709951256.223714,up
1709951256.254363,up
1709951256.2690685,up
1709951256.2946641,up
1709951256.311089,up
1709951256.3390627,up
1709951256.3679385,up
1709951256.387139,up
1709951256.4085357,up
1709951256.4330819,up
1709951256.4390833,up
1709951256.4633782,up
1709951256.4879262,up
1709951256.5074775,up
1709951256.5245411,up
1709951256.547258,up
1709951256.5706663,up
1709951256.6017196,up
1709951256.6156268,up
1709951256.6453984,up
1709951256.6728613,up
1709951256.6990488,up
1709951256.7266555,up
1709951256.7402434,up
1709951256.760253,up
1709951256.7821064,up
1709951256.7952535,up
1709951256.823118,up
1709951256.8405237,up
1709951256.855519,up
1709951256.8783488,up
1709951256.905507,up
1709951256.929868,up
1709951256.961843,up
1709951256.9847875,up
1709951256.986981,up
1709951256.987763,up
1709951256.988209,up
1709951256.9885848,up
1709951256.989304,up
1709951257.0123394,up
1709951257.0326178,up
1709951257.0630853,up
1709951257.0874586,up
1709951257.0883121,up
1709951257.0886846,up
1709951257.0889566,up
1709951257.0892134,up
1709951257.0894923,up
1709951257.0899262,up
1709951257.0902214,up
1709951257.0904732,up
1709951257.0907454,up
1709951257.0910048,up
1709951257.091257,up
1709951257.0914972,up
1709951257.0917509,up
1709951257.0920103,up
1709951257.0922546,up
1709951257.0924919,up
1709951257.092731,up
1709951257.1062543,up
1709951257.1370676,up
1709951257.1623225,up
1709951257.1959991,up
1709951257.2170608,up
1709951257.2401526,up
1709951257.2631516,up
1709951257.2733955,up
1709951257.289905,up
1709951257.3061738,up
1709951257.3200762,up
1709951257.3580186,up
1709951257.3695009,up
1709951257.3886662,up
1709951257.4100058,up
1709951257.4355977,up
1709951257.4604862,up
1709951257.480614,up
1709951257.5031476,up
1709951257.5040128,up
1709951257.5045588,up
1709951257.5050757,up
1709951257.5056438,up
1709951257.506358,up
1709951257.5069315,up
1709951257.5338018,up
1709951257.5515902,up
1709951257.5663357,up
1709951257.6039937,up
1709951257.632348,up
1709951257.6480875,up
1709951257.6740866,up
1709951257.6889944,up
1709951257.7162232,up
1709951257.7386527,up
1709951257.7590225,up
1709951257.7720366,up
1709951257.8001053,up
1709951257.8171737,up
1709951257.8189166,up
1709951257.8497095,up
1709951257.8737586,up
1709951257.9036617,up
1709951257.9265819,up
1709951257.942827,up
1709951257.960195,up
1709951257.961144,up
1709951257.9633138,up
1709951257.9640868,up
1709951257.9786384,up
1709951257.9946325,up
1709951258.0061753,right
1709951258.0132966,right
1709951258.0277328,right
1709951258.0283465,right
1709951258.0287418,right
1709951258.029257,right
1709951258.0297356,right
1709951258.0301194,right
1709951258.0379128,right
1709951258.0704153,right
1709951258.0914454,right
1709951258.115388,right
1709951258.1548598,right
1709951258.1988769,right
1709951258.224329,right
1709951258.2254312,right
1709951258.225999,right
1709951258.2262917,right
1709951258.2265897,right
1709951258.2268572,right
1709951258.2271101,right
1709951258.2276766,right
1709951258.2281559,right
1709951258.2287405,right
1709951258.2462163,right
1709951258.2774382,right
1709951258.3069036,right
1709951258.3170323,right
1709951258.3383524,right
1709951258.366126,right
1709951258.3948762,right
1709951258.420056,right
1709951258.455612,right
1709951258.479167,right
1709951258.499273,right
1709951258.5391307,right
1709951258.5614839,right
1709951258.5850558,right
1709951258.6090853,right
1709951258.62411,right
1709951258.653177,right
1709951258.6643574,right
1709951258.6652696,right
1709951258.686994,right
1709951258.6983507,right
1709951258.716851,right
1709951258.7295327,right
1709951258.7516685,right
1709951258.7732692,right
1709951258.786588,right
1709951258.8091476,right
1709951258.8329985,right
1709951258.8717468,right
1709951258.8945034,right
1709951258.897498,right
1709951258.9097528,right
1709951258.932161,right
1709951258.9638183,right
1709951258.9909887,right
1709951259.017398,right
1709951259.036365,right
1709951259.0673609,right
1709951259.0951788,right
1709951259.1377857,right
1709951259.1676385,right
1709951259.1942325,right
1709951259.2342806,right
1709951259.2494996,right
1709951259.2574086,right
1709951259.2758877,right
1709951259.2995417,right
1709951259.325381,right
1709951259.3490667,right
1709951259.3607185,right
1709951259.3722577,right
1709951259.3996937,right
1709951259.4147723,right
1709951259.4155447,right
1709951259.4274507,right
1709951259.4537911,right
1709951259.4707172,right
1709951259.4963763,right
1709951259.5186424,right
1709951259.5477784,right
1709951259.5698793,right
1709951259.5905912,right
1709951259.612842,right
1709951259.640361,right
1709951259.6532757,right
1709951259.6664314,right
1709951259.691601,right
1709951259.7216794,right
1709951259.7472095,right
1709951259.7689297,right
1709951259.7814274,right
1709951259.8034492,right
1709951259.8278375,right
1709951259.8432655,right
1709951259.8639078,right
1709951259.8888378,right
1709951259.9123359,right
1709951259.9352338,right
1709951259.9610982,right
1709951259.981927,right
1709951260.008957,right
1709951260.0405865,right
1709951260.052876,right
1709951260.084225,right
1709951260.1070762,right
1709951260.1277359,right
1709951260.1626894,right
1709951260.1776273,right
1709951260.1898346,right
1709951260.2045794,right
1709951260.2306619,right
1709951260.2494516,right
1709951260.2736669,right
1709951260.2980852,right
1709951260.3297305,right
1709951260.3465958,right
1709951260.3722153,right
1709951260.392832,right
1709951260.4205055,right
1709951260.4331133,right
1709951260.4350154,right
1709951260.4411802,right
1709951260.470695,right
1709951260.4981537,right
1709951260.4990776,right
1709951260.513404,right
1709951260.5142632,right
1709951260.514596,right
1709951260.5149026,right
1709951260.5154462,right
1709951260.515813,right
1709951260.516128,right
1709951260.5164237,right
1709951260.516703,right
1709951260.5169926,right
1709951260.5173671,right
1709951260.5283735,right
1709951260.5549178,right
1709951260.5750825,right
1709951260.5782392,right
1709951260.6041746,right
1709951260.6054099,right
1709951260.6296625,right
1709951260.6513667,right
1709951260.6520317,right
1709951260.6683054,right
1709951260.6694987,right
1709951260.670757,right
1709951260.6715407,right
1709951260.672147,right
1709951260.6728487,right
1709951260.6733837,right
1709951260.7008867,right
1709951260.7174218,right
1709951260.7431006,right
1709951260.7567754,right
1709951260.7581127,right
1709951260.7600796,right
1709951260.7941039,right
1709951260.7949605,right
1709951260.821719,right
1709951260.8343964,right
1709951260.8454185,right
1709951260.8618429,right
1709951260.886874,right
1709951260.8986368,right
1709951260.934118,right
1709951260.9461756,right
1709951260.9467502,right
1709951260.9471884,right
1709951260.9475589,right
1709951260.9479232,right
1709951260.9482095,right
1709951260.9485507,right
1709951260.948931,right
1709951260.9492774,right
1709951260.9496331,right
1709951260.9499218,right
1709951260.9501681,right
1709951260.9504306,right
1709951260.95069,right
1709951260.9509342,right
1709951260.9511843,right
1709951260.9514444,right
1709951260.951723,right
1709951260.951979,right
1709951260.9521985,right
1709951260.9525027,right
1709951260.9528933,right
1709951260.953181,right
1709951260.953407,right
1709951260.9536958,right
1709951260.9699814,right
1709951260.9836504,right
1709951260.996637,right
1709951261.0029056,right
1709951261.0036554,right
1709951261.0044014,right
1709951261.005199,right
1709951261.0060608,right
1709951261.0068865,right
1709951261.0076828,right
1709951261.0084193,right
1709951261.00915,right
1709951261.0099275,right
1709951261.0106573,right
1709951261.011268,right
1709951261.01186,right
1709951261.0124674,right
1709951261.0130768,right
1709951261.0208187,right
1709951261.0228105,right
1709951261.0443726,right
1709951261.0553398,right
1709951261.070716,right
1709951261.0711966,right
1709951261.0715315,right
1709951261.0718155,right
1709951261.0720685,right
1709951261.0723066,right
1709951261.0725465,right
1709951261.0728195,right
1709951261.0730464,right
1709951261.0732744,right
1709951261.073512,right
1709951261.0741277,right
1709951261.0745199,right
1709951261.075277,right
1709951261.0909572,right
1709951261.102293,right
1709951261.1032605,right
1709951261.1268966,right
1709951261.127475,right
1709951261.1279602,right
1709951261.1283267,right
1709951261.1286683,right
1709951261.140078,right
1709951261.1649418,right
1709951261.1865723,right
1709951261.1900458,right
1709951261.1906955,right
1709951261.2030451,right
1709951261.2035894,right
1709951261.2042046,right
1709951261.2213857,right
1709951261.246053,right
1709951261.2750664,right
1709951261.2759979,right
1709951261.2763572,right
1709951261.287868,right
1709951261.3112338,right
1709951261.3240387,right
1709951261.3568778,right
1709951261.382069,right
1709951261.3825512,right
1709951261.383179,right
1709951261.404477,right
1709951261.40541,right
1709951261.4068828,right
1709951261.4078252,right
1709951261.40872,right
1709951261.4092753,right
1709951261.409747,right
1709951261.4101188,right
1709951261.4106195,right
1709951261.410943,right
1709951261.4112194,right
1709951261.411492,right
1709951261.4117618,right
1709951261.4122083,right
1709951261.412522,right
1709951261.41283,right
1709951261.4131231,right
1709951261.4134054,right
1709951261.4138296,right
1709951261.4141715,right
1709951261.4146554,right
1709951261.4149659,right
1709951261.4152374,right
1709951261.4155076,right
1709951261.4157705,right
1709951261.416038,right
1709951261.416312,right
1709951261.4165835,right
1709951261.4168558,right
1709951261.4171326,right
1709951261.417401,right
1709951261.417724,right
1709951261.4180028,right
1709951261.4182725,right
1709951261.4185328,right
1709951261.4188147,right
1709951261.4191232,right
1709951261.4194322,right
1709951261.4209545,right
1709951261.4215012,right
1709951261.455229,right
1709951261.4867365,right
1709951261.5035126,right
1709951261.5041504,right
1709951261.505063,right
1709951261.5059795,right
1709951261.506455,right
1709951261.5068564,right
1709951261.5072355,right
1709951261.5095022,right
1709951261.5374084,right
1709951261.5383399,right
1709951261.5387783,right
1709951261.5399947,right
1709951261.540904,right
1709951261.5412915,right
1709951261.5415313,right
1709951261.5419338,right
1709951261.5429497,right
1709951261.5435507,right
1709951261.5552862,right
1709951261.5709555,right
1709951261.6102967,right
1709951261.6110528,right
1709951261.6113796,right
1709951261.6116443,right
1709951261.611889,right
1709951261.6121328,right
1709951261.6123607,right
1709951261.612592,right
1709951261.612863,right
1709951261.6131563,right
1709951261.613805,right
1709951261.6142259,right
1709951261.6145203,right
1709951261.6147723,right
1709951261.6150339,right
1709951261.615343,right
1709951261.6157236,right
1709951261.6161377,right
1709951261.616579,right
1709951261.6330674,right
1709951261.6518416,right
1709951261.7041194,right
1709951261.7277339,right
1709951261.7429168,right
1709951261.7619176,right
1709951261.7629564,right
1709951261.763408,right
1709951261.7636964,right
1709951261.7643125,right
1709951261.764968,right
1709951261.7657387,right
1709951261.7661824,right
1709951261.766519,right
1709951261.766833,right
1709951261.7671268,right
1709951261.7673829,right
1709951261.7676558,right
1709951261.7679374,right
1709951261.768192,right
1709951261.7684734,right
1709951261.7833278,right
1709951261.8080244,right
1709951261.8096244,right
1709951261.8287623,right
1709951261.8347301,right
1709951261.8533006,right
1709951261.8793726,right
1709951261.89526,right
1709951261.9159431,right
1709951261.9167747,right
1709951261.9411063,right
1709951261.9471364,right
1709951261.9483168,right
1709951261.9492676,right
1709951261.9499784,right
1709951261.9507394,right
1709951261.9582758,right
1709951261.984511,right
1709951262.0068083,right
1709951262.0328538,right
1709951262.0459795,right
1709951262.0675085,right
1709951262.0901601,right
1709951262.091089,right
1709951262.1134405,right
1709951262.1640813,right
1709951262.185617,right
1709951262.2176769,right
1709951262.234234,right
1709951262.2633827,right
1709951262.2741704,right
1709951262.2858946,right
1709951262.286805,right
1709951262.2873964,right
1709951262.2880647,right
1709951262.3127818,right
1709951262.332384,right
1709951262.344071,right
1709951262.3445365,right
1709951262.344861,right
1709951262.3454676,right
1709951262.3623314,right
1709951262.3681524,right
1709951262.3735192,right
1709951262.3859437,right
1709951262.406853,right
1709951262.4360826,middle
1709951262.4538615,right
1709951262.4647892,right
1709951262.486482,right
1709951262.5178995,right
1709951262.5435014,right
1709951262.577995,right
1709951262.5950382,right
1709951262.6253748,right
1709951262.6403234,right
1709951262.6411777,right
1709951262.6580884,right
1709951262.673028,right
1709951262.6961234,right
1709951262.724799,right
1709951262.7493203,right
1709951262.769158,right
1709951262.8044345,right
1709951262.8309054,right
1709951262.8377213,right
1709951262.847259,right
1709951262.867193,right
1709951262.874587,right
1709951262.8849525,right
1709951262.8996243,right
1709951262.9281518,right
1709951262.956993,right
1709951262.9716413,right
1709951262.9966128,right
1709951263.0040517,right
1709951263.0051377,right
1709951263.0346184,right
1709951263.035445,right
1709951263.035792,right
1709951263.036129,right
1709951263.0364726,right
1709951263.0367782,right
1709951263.0370748,right
1709951263.0373647,right
1709951263.038831,right
1709951263.0534196,right
1709951263.0789154,right
1709951263.117246,right
1709951263.119624,right
1709951263.1209338,right
1709951263.1291664,right
1709951263.1492488,right
1709951263.1955898,right
1709951263.2218661,right
1709951263.2712905,right
1709951263.2899637,right
1709951263.312392,right
1709951263.3258977,right
1709951263.337193,right
1709951263.3381264,right
1709951263.3387086,right
1709951263.3390617,right
1709951263.3397412,right
1709951263.340205,right
1709951263.3405426,right
1709951263.340859,right
1709951263.3412023,right
1709951263.3416193,right
1709951263.3424635,right
1709951263.3434439,right
1709951263.3443093,right
1709951263.3447587,right
1709951263.3450842,right
1709951263.345442,right
1709951263.3460937,right
1709951263.3465412,right
1709951263.3468254,right
1709951263.347069,right
1709951263.3473024,right
1709951263.3477402,right
1709951263.3480637,right
1709951263.3486078,right
1709951263.3488948,right
1709951263.3491561,right
1709951263.349501,right
1709951263.3498774,right
1709951263.350165,right
1709951263.3504982,right
1709951263.3508117,right
1709951263.3510623,right
1709951263.3513017,right
1709951263.3647232,right
1709951263.3828077,right
1709951263.4157598,right
1709951263.4351358,right
1709951263.4356558,right
1709951263.4359682,right
1709951263.460303,right
1709951263.491292,right
1709951263.507586,right
1709951263.535602,right
1709951263.5431168,right
1709951263.5439014,right
1709951263.55647,right
1709951263.5913022,right
1709951263.635829,right
1709951263.6592536,right
1709951263.6810627,right
1709951263.7070694,right
1709951263.7244275,right
1709951263.7470694,right
1709951263.7575006,right
1709951263.7997758,right
1709951263.8237484,right
1709951263.8749065,right
1709951263.894939,right
1709951263.9118948,right
1709951263.9219441,right
1709951263.9439335,right
1709951263.9695063,right
1709951263.970948,right
1709951263.992587,right
1709951264.0126472,right
1709951264.0188742,right
1709951264.0257158,right
1709951264.04014,right
1709951264.0653415,right
1709951264.087771,right
1709951264.0881543,right
1709951264.0885727,right
1709951264.0888727,right
1709951264.0988424,right
1709951264.105393,right
1709951264.1116948,right
1709951264.1304753,right
1709951264.1317072,right
1709951264.1328676,right
1709951264.1340296,right
1709951264.1547885,right
1709951264.180787,right
1709951264.1932826,right
1709951264.2217014,right
1709951264.2302334,right
1709951264.2314417,right
1709951264.2321906,right
1709951264.2327232,right
1709951264.2331808,right
1709951264.260044,right
1709951264.2878182,right
1709951264.3061829,right
1709951264.3188322,right
1709951264.3314543,right
1709951264.3537114,right
1709951264.3667815,right
1709951264.376908,right
1709951264.4148622,right
1709951264.4409702,right
1709951264.4677498,right
1709951264.47909,right
1709951264.5019264,right
1709951264.527919,right
1709951264.5440676,right
1709951264.5445793,right
1709951264.5449383,right
1709951264.5452955,right
1709951264.5679727,right
1709951264.6204085,right
1709951264.6482005,right
1709951264.6973617,right
1709951264.7125576,right
1709951264.7314842,right
1709951264.7620313,right
1709951264.8032825,right
1709951264.8152697,right
1709951264.8534372,right
1709951264.873037,right
1709951264.8741837,right
1709951264.8746245,right
1709951264.8749158,right
1709951264.8751862,right
1709951264.875684,right
1709951264.8760035,right
1709951264.8786278,right
1709951264.879428,right
1709951264.880343,right
1709951264.8888724,right
1709951264.9153879,right
1709951264.9317029,right
1709951264.954209,right
1709951264.9659085,right
1709951264.9802368,right
1709951264.983035,right
1709951265.0105186,right
1709951265.0265775,right
1709951265.0429578,right
1709951265.062901,right
1709951265.0836594,right
1709951265.0909235,right
1709951265.0913267,right
1709951265.091592,right
1709951265.0918384,right
1709951265.0920815,right
1709951265.0923254,right
1709951265.0925663,right
1709951265.0927918,right
1709951265.093035,right
1709951265.0932763,right
1709951265.0935097,right
1709951265.0938344,right
1709951265.094077,right
1709951265.0943131,right
1709951265.0945542,right
1709951265.0947926,right
1709951265.0951211,right
1709951265.0953643,right
1709951265.095635,right
1709951265.0959258,right
1709951265.0961847,right
1709951265.0964248,right
1709951265.0966532,right
1709951265.0968742,right
1709951265.097095,right
1709951265.0973153,right
1709951265.0975785,right
1709951265.0978296,right
1709951265.0980575,right
1709951265.0982845,right
1709951265.0985062,right
1709951265.0987272,right
1709951265.0989552,right
1709951265.0991838,right
1709951265.0994074,right
1709951265.0998535,right
1709951265.1001031,right
1709951265.100339,right
1709951265.1005723,right
1709951265.1008136,right
1709951265.1010492,right
1709951265.1012807,right
1709951265.101529,right
1709951265.1212065,right
1709951265.1592696,right
1709951265.1603272,right
1709951265.160786,right
1709951265.161085,right
1709951265.161367,right
1709951265.1652722,right
1709951265.166196,right
1709951265.1671922,right
1709951265.1849725,right
1709951265.1966414,right
1709951265.196975,right
1709951265.2102177,right
1709951265.2323694,right
1709951265.2329054,right
1709951265.2332919,right
1709951265.2360077,right
1709951265.2365782,right
1709951265.2715275,right
1709951265.2854657,right
1709951265.3257208,right
1709951265.3504932,right
1709951265.36968,right
1709951265.3789735,right
1709951265.37965,right
1709951265.3911495,right
1709951265.4099758,right
1709951265.4441402,right
1709951265.458642,right
1709951265.459534,right
1709951265.4707367,right
1709951265.4833148,right
1709951265.4990842,right
1709951265.5468748,right
1709951265.575611,right
1709951265.5913064,right
1709951265.6056914,right
1709951265.6468728,right
1709951265.6477568,right
1709951265.6791334,right
1709951265.7129605,right
1709951265.7141073,right
1709951265.7147257,right
1709951265.7152724,right
1709951265.7157629,right
1709951265.71639,right
1709951265.7171292,right
1709951265.7254891,right
1709951265.7261097,right
1709951265.732569,right
1709951265.7463386,right
1709951265.762731,right
1709951265.7661197,right
1709951265.7775002,right
1709951265.8006287,right
1709951265.820722,right
1709951265.8217173,right
1709951265.8340654,right
1709951265.8513439,right
1709951265.8679163,right
1709951265.891169,right
1709951265.930187,right
1709951265.9323883,right
1709951265.9492452,right
1709951265.960227,right
1709951265.9723754,right
1709951266.0019689,right
1709951266.0069804,right
1709951266.0350356,right
1709951266.04804,right
1709951266.0717697,right
1709951266.1012294,right
1709951266.1190786,right
1709951266.1312315,right
1709951266.150642,down
1709951266.1870239,down
1709951266.1994936,down
1709951266.2004044,down
1709951266.2106264,down
1709951266.219097,down
1709951266.2496405,down
1709951266.2620134,down
1709951266.2624981,down
1709951266.2826495,down
1709951266.2997088,down
1709951266.3073742,down
1709951266.308202,down
1709951266.3355827,down
1709951266.3493998,down
1709951266.3700702,down
1709951266.3942313,down
1709951266.4280367,down
1709951266.4286041,down
1709951266.4293308,down
1709951266.4410117,down
1709951266.46289,down
1709951266.4636576,down
1709951266.4643085,down
1709951266.513283,down
1709951266.5386868,down
1709951266.5515244,down
1709951266.568993,down
1709951266.5820806,down
1709951266.583419,down
1709951266.584183,down
1709951266.590816,down
1709951266.5992246,down
1709951266.5997596,down
1709951266.610421,down
1709951266.6324987,down
1709951266.6747622,down
1709951266.696332,down
1709951266.7114,down
1709951266.7125351,down
1709951266.7187965,down
1709951266.7198157,down
1709951266.720457,down
1709951266.7209375,down
1709951266.721296,down
1709951266.721756,down
1709951266.7222126,down
1709951266.7225842,down
1709951266.7229903,down
1709951266.7235725,down
1709951266.7239997,down
1709951266.7243185,down
1709951266.7246482,down
1709951266.7250614,down
1709951266.725523,down
1709951266.726075,down
1709951266.726388,down
1709951266.7267873,down
1709951266.7272666,down
1709951266.7277179,down
1709951266.7281606,down
1709951266.7287724,down
1709951266.743816,down
1709951266.74678,down
1709951266.7582064,down
1709951266.7782109,down
1709951266.8221798,down
1709951266.8345492,down
1709951266.85727,down
1709951266.881803,down
1709951266.8989046,down
1709951266.9308927,down
1709951266.9492073,down
1709951266.9498193,down
1709951266.950181,down
1709951266.9504633,down
1709951266.950718,down
1709951266.9509702,down
1709951266.9512393,down
1709951266.9514956,down
1709951266.958214,down
1709951266.9755578,down
1709951267.0029252,down
1709951267.0314815,down
1709951267.0462968,down
1709951267.0473382,down
1709951267.0486407,down
1709951267.0691721,down
1709951267.0849814,down
1709951267.1046402,down
1709951267.1343906,down
1709951267.1657147,down
1709951267.1667297,down
1709951267.1676807,down
1709951267.1682165,down
1709951267.201443,down
1709951267.2477982,down
1709951267.2787921,down
1709951267.3307781,down
1709951267.3390014,down
1709951267.3405576,down
1709951267.3419044,down
1709951267.3434818,down
1709951267.3448873,down
1709951267.3510637,down
1709951267.3738308,down
1709951267.4033222,down
1709951267.431453,down
1709951267.4321873,down
1709951267.432926,down
1709951267.4652457,down
1709951267.4808834,down
1709951267.5070086,down
1709951267.5318897,down
1709951267.5326822,down
1709951267.5329926,down
1709951267.5332925,down
1709951267.5533464,down
1709951267.5744712,down
1709951267.5918255,down
1709951267.5934548,down
1709951267.6085696,down
1709951267.6332622,down
1709951267.6527379,down
1709951267.687583,down
1709951267.7117999,down
1709951267.7332828,down
1709951267.75941,down
1709951267.798934,down
1709951267.8032112,down
1709951267.805123,down
1709951267.839302,down
1709951267.8402472,down
1709951267.8409464,down
1709951267.8425736,down
1709951267.8433418,down
1709951267.845192,down
1709951267.8537657,down
1709951267.8787844,down
1709951267.914142,down
1709951267.9396431,down
1709951267.967482,down
1709951267.995399,down
1709951268.0035825,down
1709951268.0278642,down
1709951268.055019,down
1709951268.069828,down
1709951268.0772984,down
1709951268.1072133,down
1709951268.1220512,down
1709951268.1432674,down
1709951268.1701581,down
1709951268.1954484,down
1709951268.2053447,down
1709951268.2161803,down
1709951268.24323,down
1709951268.2722101,down
1709951268.284603,down
1709951268.2950647,down
1709951268.2957678,down
1709951268.3168688,down
1709951268.353515,down
1709951268.3738542,down
1709951268.3940344,down
1709951268.4248028,down
1709951268.4527366,down
1709951268.468982,down
1709951268.4943378,down
1709951268.5070605,down
1709951268.5333564,down
1709951268.5584059,down
1709951268.5688765,down
1709951268.569252,down
1709951268.5700195,down
1709951268.5912714,down
1709951268.6146317,down
1709951268.6157703,down
1709951268.6335986,down
1709951268.6407797,down
1709951268.647508,down
1709951268.6578662,down
1709951268.7038853,down
1709951268.7281432,down
1709951268.7306132,down
1709951268.7419033,down
1709951268.7536576,down
1709951268.7694988,down
1709951268.82837,down
1709951268.838986,down
1709951268.8956208,down
1709951268.9209633,down
1709951268.936407,down
1709951268.9848084,down
1709951269.0214906,down
1709951269.054223,down
1709951269.0842714,down
1709951269.1055787,down
1709951269.1301556,down
1709951269.179596,down
1709951269.2000635,down
1709951269.2456656,down
1709951269.2641156,down
1709951269.285709,down
1709951269.3334227,down
1709951269.3484113,down
1709951269.3700397,down
1709951269.4157999,down
1709951269.461291,right
1709951269.4807537,right
1709951269.523006,right
1709951269.5571814,right
1709951269.6083522,right
1709951269.6089888,right
1709951269.6149933,right
1709951269.6250696,right
1709951269.6401346,right
1709951269.6404355,right
1709951269.6407652,right
1709951269.690961,right
1709951269.6971536,right
1709951269.7074945,right
1709951269.7077954,right
1709951269.73946,right
1709951269.75422,right
1709951269.7943559,right
1709951269.81794,right
1709951269.837449,right
1709951269.8624313,right
1709951269.8768668,right
1709951269.8938744,right
1709951269.9168398,right
1709951269.9395316,right
1709951269.9659424,right
1709951269.9672294,right
1709951269.9793184,right
1709951270.0028274,right
1709951270.0133052,right
1709951270.0141106,right
1709951270.053017,right
1709951270.08162,right
1709951270.1109803,right
1709951270.1636882,right
1709951270.1760404,right
1709951270.1860073,right
1709951270.2065217,right
1709951270.2111146,right
1709951270.2125125,right
1709951270.2206252,right
1709951270.2219756,right
1709951270.2231364,right
1709951270.2248611,right
1709951270.2263603,right
1709951270.234309,right
1709951270.2362201,right
1709951270.2380173,right
1709951270.2393496,right
1709951270.2410445,right
1709951270.2461288,right
1709951270.2587948,right
1709951270.2779744,right
1709951270.310248,right
1709951270.3308256,right
1709951270.3590882,right
1709951270.3639278,right
1709951270.3885138,right
1709951270.4087312,right
1709951270.4350803,right
1709951270.4494028,right
1709951270.4500382,right
1709951270.460847,right
1709951270.4612646,right
1709951270.476719,right
1709951270.491266,right
1709951270.4922874,right
1709951270.4927027,right
1709951270.5045135,right
1709951270.50806,right
1709951270.5096948,right
1709951270.523023,right
1709951270.5591393,right
1709951270.574341,right
1709951270.5963306,right
1709951270.6161854,right
1709951270.6453805,right
1709951270.674773,right
1709951270.702828,right
1709951270.7231052,right
1709951270.74593,right
1709951270.748052,right
1709951270.7713103,right
1709951270.7918487,right
1709951270.8162267,right
1709951270.833987,right
1709951270.834636,right
1709951270.8512475,right
1709951270.888171,right
1709951270.9075809,right
1709951270.9239352,right
1709951270.9569845,right
1709951270.9761574,right
1709951270.9911053,right
1709951271.029363,right
1709951271.043262,right
1709951271.067901,right
1709951271.0843258,right
1709951271.1011388,right
1709951271.132552,right
1709951271.1491203,right
1709951271.161945,right
1709951271.182361,right
1709951271.1990683,right
1709951271.2213407,right
1709951271.230857,right
1709951271.2373314,right
1709951271.2697926,right
1709951271.2708204,right
1709951271.27676,right
1709951271.303896,right
1709951271.337003,right
1709951271.3553226,right
1709951271.3652933,right
1709951271.3758733,right
1709951271.403435,right
1709951271.4219992,right
1709951271.4587402,right
1709951271.4775212,right
1709951271.4782667,right
1709951271.4905534,right
1709951271.4915626,right
1709951271.5168808,right
1709951271.5441282,right
1709951271.5670052,right
1709951271.5914414,right
1709951271.628527,right
1709951271.642871,right
1709951271.659214,right
1709951271.66489,right
1709951271.6755676,right
1709951271.6762066,right
1709951271.6767352,right
1709951271.6891518,right
1709951271.715077,right
1709951271.7424936,right
1709951271.7544591,right
1709951271.778855,right
1709951271.8109097,right
1709951271.827528,right
1709951271.8483377,right
1709951271.8682783,right
1709951271.892949,right
1709951271.8978314,right
1709951271.898808,right
1709951271.9219007,right
1709951271.9348698,right
1709951271.9561262,right
1709951271.980008,right
1709951271.9952796,right
1709951272.0173206,right
1709951272.037763,right
1709951272.060179,right
1709951272.0869827,right
1709951272.1058037,right
1709951272.1346588,right
1709951272.16404,right
1709951272.1900733,right
1709951272.2069337,right
1709951272.2400455,right
1709951272.2616732,right
1709951272.2744377,right
1709951272.275498,right
1709951272.2760546,right
1709951272.2766457,right
1709951272.2972367,right
1709951272.317424,right
1709951272.3430448,right
1709951272.3666093,right
1709951272.3793445,right
1709951272.4038062,right
1709951272.410122,right
1709951272.4108686,right
1709951272.431552,right
1709951272.4536884,right
1709951272.4547703,right
1709951272.4557257,right
1709951272.4679394,right
1709951272.4916885,right
1709951272.5234568,right
1709951272.5402584,right
1709951272.5622215,right
1709951272.5746067,right
1709951272.5752797,right
1709951272.6021695,right
1709951272.6313088,right
1709951272.6325235,right
1709951272.633668,right
1709951272.655614,right
1709951272.6614294,right
1709951272.6866367,right
1709951272.7087758,right
1709951272.712422,right
1709951272.7134418,right
1709951272.7275288,right
1709951272.7282877,right
1709951272.741237,right
1709951272.7667441,right
1709951272.771367,right
1709951272.7825782,right
1709951272.798624,right
1709951272.8062024,right
1709951272.808754,right
1709951272.810025,right
1709951272.8125687,right
1709951272.814011,right
1709951272.8150048,right
1709951272.8159623,right
1709951272.8286192,right
1709951272.844098,right
1709951272.8652098,right
1709951272.8797424,right
1709951272.89824,right
1709951272.931201,right
1709951272.9454136,right
1709951272.9464962,right
1709951272.9574435,right
1709951272.9800138,right
1709951272.9942064,right
1709951273.007045,right
1709951273.0081952,right
1709951273.0230951,right
1709951273.0367193,right
1709951273.040187,right
1709951273.0404494,right
1709951273.0405977,right
1709951273.0406923,right
1709951273.0407774,right
1709951273.0408623,right
1709951273.0452313,right
1709951273.0603802,right
1709951273.0608582,right
1709951273.068905,right
1709951273.0846171,right
1709951273.0904338,right
1709951273.0991693,right
1709951273.0995133,right
1709951273.0997798,right
1709951273.1088116,right
1709951273.1181242,right
1709951273.124272,right
1709951273.1247473,right
1709951273.1310346,right
1709951273.1458766,right
1709951273.1559143,right
1709951273.1694298,right
1709951273.1797066,right
1709951273.1898465,right
1709951273.190508,right
1709951273.205261,right
1709951273.2058542,right
1709951273.2123928,right
1709951273.2238412,right
1709951273.2464974,right
1709951273.25252,right
1709951273.2699468,right
1709951273.2705526,right
1709951273.2763646,right
1709951273.2936952,right
1709951273.2948453,right
1709951273.31436,right
1709951273.315426,right
1709951273.324263,right
1709951273.3247836,right
1709951273.3252652,right
1709951273.3343377,right
1709951273.3352718,right
1709951273.345094,right
1709951273.346449,right
1709951273.3473456,right
1709951273.3694687,right
1709951273.3809793,right
1709951273.3817625,right
1709951273.3824215,right
1709951273.3930204,right
1709951273.3937035,right
1709951273.4209127,right
1709951273.4228065,right
1709951273.4632761,up
1709951273.4752262,up
1709951273.5061903,up
1709951273.5181527,up
1709951273.5191264,up
1709951273.5351477,up
1709951273.5594563,up
1709951273.582902,up
1709951273.5834448,up
1709951273.5935862,up
1709951273.6417625,up
1709951273.6649647,up
1709951273.6861858,up
1709951273.7060065,up
1709951273.7065554,up
1709951273.707096,up
1709951273.724122,up
1709951273.735833,up
1709951273.7370038,up
1709951273.738441,up
1709951273.740073,up
1709951273.7619903,up
1709951273.7832994,up
1709951273.79444,up
1709951273.8002863,up
1709951273.8225553,up
1709951273.8416638,up
1709951273.847592,up
1709951273.8488338,up
1709951273.8492954,up
1709951273.849672,up
1709951273.8557394,up
1709951273.8743534,up
1709951273.8850563,up
1709951273.8857155,up
1709951273.9070175,up
1709951273.9313533,up
1709951273.9580774,up
1709951273.9718392,up
1709951273.9829524,up
1709951273.98882,up
1709951273.9947062,up
1709951273.9951537,up
1709951274.0105524,up
1709951274.0328631,up
1709951274.0507183,up
1709951274.0679545,up
1709951274.069286,up
1709951274.0699587,up
1709951274.0704913,up
1709951274.082164,up
1709951274.0826197,up
1709951274.09446,up
1709951274.0951612,up
1709951274.1070259,up
1709951274.1080942,up
1709951274.1090717,up
1709951274.1241395,up
1709951274.1252635,up
1709951274.1263075,up
1709951274.1572213,up
1709951274.1790383,up
1709951274.1997635,up
1709951274.200795,up
1709951274.2179837,up
1709951274.2198,up
1709951274.2210178,up
1709951274.2373402,up
1709951274.2617476,up
1709951274.2721899,up
1709951274.28225,up
1709951274.3013108,up
1709951274.3252952,up
1709951274.3548193,up
1709951274.355496,up
1709951274.356598,up
1709951274.3757837,up
1709951274.4184897,up
1709951274.44322,up
1709951274.4440544,up
1709951274.4443443,up
1709951274.450103,up
1709951274.4554574,up
1709951274.4561667,up
1709951274.4787989,up
1709951274.4935281,up
1709951274.5122917,up
1709951274.5310986,up
1709951274.5318284,up
1709951274.5608459,up
1709951274.5840955,up
1709951274.6093059,up
1709951274.622059,up
1709951274.6225321,up
1709951274.6228108,up
1709951274.623063,up
1709951274.6232996,up
1709951274.6235292,up
1709951274.6237583,up
1709951274.6239836,up
1709951274.6242056,up
1709951274.6244278,up
1709951274.6246572,up
1709951274.6248758,up
1709951274.6251004,up
1709951274.6253204,up
1709951274.625606,up
1709951274.6258628,up
1709951274.626088,up
1709951274.6263094,up
1709951274.6265264,up
1709951274.6267443,up
1709951274.6269617,up
1709951274.6271808,up
1709951274.6274107,up
1709951274.6276286,up
1709951274.6278503,up
1709951274.6280727,up
1709951274.6282952,up
1709951274.6285114,up
1709951274.6287305,up
1709951274.6289585,up
1709951274.62919,up
1709951274.6294098,up
1709951274.630712,up
1709951274.6312141,up
1709951274.6316097,up
1709951274.6319637,up
1709951274.6322913,up
1709951274.6326146,up
1709951274.632958,up
1709951274.6336606,up
1709951274.6398845,up
1709951274.6628656,up
1709951274.6662114,up
1709951274.6933086,up
1709951274.6982038,up
1709951274.6991012,up
1709951274.7112489,up
1709951274.7222767,up
1709951274.72304,up
1709951274.74367,up
1709951274.7583513,up
1709951274.7626476,up
1709951274.7931178,up
1709951274.8152926,up
1709951274.8251874,up
1709951274.8598619,up
1709951274.886842,up
1709951274.8987079,up
1709951274.9093513,up
1709951274.9344833,up
1709951274.9618483,up
1709951274.9824429,up
1709951274.999922,up
1709951275.01652,up
1709951275.0299394,up
1709951275.0625625,up
1709951275.0900843,up
1709951275.113152,up
1709951275.1326935,up
1709951275.1490319,up
1709951275.1609735,up
1709951275.1921906,up
1709951275.2156713,up
1709951275.2258506,up
1709951275.2508497,up
1709951275.2687159,up
1709951275.2822013,up
1709951275.3068707,up
1709951275.3279772,up
1709951275.3783693,up
1709951275.4033008,up
1709951275.4088454,up
1709951275.4388142,up
1709951275.4581547,up
1709951275.4676256,up
1709951275.4818563,up
1709951275.5024445,up
1709951275.5123708,up
1709951275.5454986,up
1709951275.5691795,up
1709951275.5804725,up
1709951275.5919392,up
1709951275.616354,up
1709951275.6331267,up
1709951275.6616974,up
1709951275.662879,up
1709951275.6635165,up
1709951275.66394,up
1709951275.6644514,up
1709951275.6649024,up
1709951275.665257,up
1709951275.6657383,up
1709951275.666189,up
1709951275.6665726,up
1709951275.6669352,up
1709951275.6741521,up
1709951275.6965668,up
1709951275.7178168,up
1709951275.7431512,up
1709951275.7446697,up
1709951275.7483397,up
1709951275.7644706,up
1709951275.7867594,up
1709951275.8107517,up
1709951275.8399055,up
1709951275.858398,up
1709951275.871956,up
1709951275.8868654,up
1709951275.887226,up
1709951275.8874903,up
1709951275.887732,up
1709951275.887975,up
1709951275.8882108,up
1709951275.888464,up
1709951275.8886974,up
1709951275.8889296,up
1709951275.889155,up
1709951275.8893743,up
1709951275.8896575,up
1709951275.8911734,up
1709951275.9324505,up
1709951275.9331155,up
1709951275.9337525,up
1709951275.934357,up
1709951275.9354215,up
1709951275.9362013,up
1709951275.9367146,up
1709951275.9371588,up
1709951275.9377623,up
1709951275.9383662,up
1709951275.9387758,up
1709951275.9391327,up
1709951275.9394178,up
1709951275.939668,up
1709951275.9399383,up
1709951275.9402714,up
1709951275.9419034,up
1709951275.942571,up
1709951275.9429605,up
1709951275.9432893,up
1709951275.9763527,up
1709951275.9958508,up
1709951276.0085387,up
1709951276.0098288,up
1709951276.0337284,up
1709951276.0342398,up
1709951276.0401502,up
1709951276.0701606,up
1709951276.0964985,up
1709951276.1181614,up
1709951276.137798,up
1709951276.162878,up
1709951276.1750515,up
1709951276.1758208,up
1709951276.1988292,up
1709951276.2240608,up
1709951276.2505786,up
1709951276.2675114,up
1709951276.2724063,up
1709951276.2729986,up
1709951276.2989037,up
1709951276.3174193,up
1709951276.3555229,up
1709951276.3814034,up
1709951276.39739,up
1709951276.4230273,up
1709951276.4401188,up
1709951276.4415035,up
1709951276.456649,up
1709951276.468415,up
1709951276.4694307,up
1709951276.4986537,up
1709951276.5155423,up
1709951276.5265722,up
1709951276.526957,up
1709951276.5344768,up
1709951276.5487037,up
1709951276.5560613,up
1709951276.55632,up
1709951276.5602515,up
1709951276.5730944,up
1709951276.5815187,up
1709951276.587765,up
1709951276.5941298,up
1709951276.5947592,up
1709951276.6092901,up
1709951276.6100838,up
1709951276.6294403,up
1709951276.636226,up
1709951276.6487792,up
1709951276.6672015,up
1709951276.6929815,up
1709951276.712834,up
1709951276.719895,up
1709951276.7204387,up
1709951276.726909,up
1709951276.7410197,up
1709951276.7486038,up
1709951276.7532833,up
1709951276.7809975,up
1709951276.797429,up
1709951276.7979853,up
1709951276.7982774,up
1709951276.7984617,up
1709951276.798601,up
1709951276.7986996,up
1709951276.7988188,up
1709951276.7989647,up
1709951276.7990954,up
1709951276.8050666,up
1709951276.8055658,up
1709951276.8057773,up
1709951276.805921,up
1709951276.8060465,up
1709951276.8062046,up
1709951276.8108418,up
1709951276.814523,up
1709951276.836138,up
1709951276.8547826,up
1709951276.861503,up
1709951276.8689039,up
1709951276.89104,up
1709951276.9056685,up
1709951276.9064639,up
1709951276.9161406,up
1709951276.942015,up
1709951276.967256,up
1709951277.0002122,up
1709951277.00789,up
1709951277.0201523,up
1709951277.0316746,up
1709951277.06398,up
1709951277.0881662,up
1709951277.088914,up
1709951277.104206,up
1709951277.144452,down
1709951277.1671875,down
1709951277.1682718,down
1709951277.1873977,down
1709951277.2076564,down
1709951277.234375,down
1709951277.2368515,down
1709951277.2372088,down
1709951277.2374647,down
1709951277.2547922,down
1709951277.2851741,down
1709951277.3114765,down
1709951277.333465,down
1709951277.3678243,down
1709951277.4036303,down
1709951277.4041185,down
1709951277.425009,down
1709951277.4257782,down
1709951277.4634447,down
1709951277.4640703,down
1709951277.482297,down
1709951277.5023668,down
1709951277.5081828,down
1709951277.5226622,down
1709951277.532807,down
1709951277.5672746,down
1709951277.5927212,down
1709951277.6207786,down
1709951277.6465647,down
1709951277.66837,down
1709951277.6794603,down
1709951277.6859279,down
1709951277.7195227,down
1709951277.7406223,down
1709951277.7493694,down
1709951277.75679,down
1709951277.7571323,down
1709951277.7574427,down
1709951277.7584298,down
1709951277.7588933,down
1709951277.7591503,down
1709951277.7593958,down
1709951277.7596402,down
1709951277.7599216,down
1709951277.7602417,down
1709951277.7605407,down
1709951277.7607987,down
1709951277.7610989,down
1709951277.7614098,down
1709951277.786602,down
1709951277.8101008,down
1709951277.8418665,down
1709951277.8511987,down
1709951277.8519695,down
1709951277.8814976,down
1709951277.904251,down
1709951277.9185843,down
1709951277.919104,down
1709951277.9562914,down
1709951278.0054631,down
1709951278.0191665,down
1709951278.030491,down
1709951278.052837,down
1709951278.0915833,down
1709951278.1105561,down
1709951278.1118112,down
1709951278.112608,down
1709951278.1132338,down
1709951278.1139495,down
1709951278.114471,down
1709951278.1227071,down
1709951278.1526759,down
1709951278.1792743,down
1709951278.1922317,down
1709951278.1929636,down
1709951278.2180245,down
1709951278.2287664,down
1709951278.2296517,down
1709951278.240829,down
1709951278.2519896,down
1709951278.2782145,down
1709951278.2791257,down
1709951278.2971869,down
1709951278.3089466,down
1709951278.3267694,down
1709951278.342962,down
1709951278.3436391,down
1709951278.3441422,down
1709951278.3801901,down
1709951278.403838,down
1709951278.4194393,down
1709951278.4324062,down
1709951278.433369,down
1709951278.4561703,down
1709951278.4570909,down
1709951278.4707098,down
1709951278.495743,down
1709951278.5234013,down
1709951278.5401356,down
1709951278.5672073,down
1709951278.5837243,down
1709951278.5910683,down
1709951278.615092,down
1709951278.6412053,down
1709951278.6510286,down
1709951278.6751783,down
1709951278.70383,down
1709951278.7161098,down
1709951278.75334,down
1709951278.772495,down
1709951278.7867794,down
1709951278.8206816,down
1709951278.8313692,down
1709951278.851654,down
1709951278.852448,down
1709951278.8637881,down
1709951278.8888185,down
1709951278.9226189,down
1709951278.9438953,down
1709951278.9538975,down
1709951278.9602845,down
1709951278.9942439,down
1709951279.016794,down
1709951279.0451531,down
1709951279.0626078,down
1709951279.0803587,down
1709951279.0965822,down
1709951279.1276665,down
1709951279.134182,down
1709951279.1654062,down
1709951279.182903,down
1709951279.2049074,down
1709951279.2294757,down
1709951279.247876,down
1709951279.2688377,down
1709951279.2696426,down
1709951279.270279,down
1709951279.314334,down
1709951279.3152654,down
1709951279.3413985,down
1709951279.3799398,down
1709951279.4062214,down
1709951279.4325027,down
1709951279.4903708,down
1709951279.5025525,down
1709951279.5512576,down
1709951279.567416,down
1709951279.583621,down
1709951279.6073978,down
1709951279.630433,down
1709951279.631743,down
1709951279.6554441,down
1709951279.6765525,down
1709951279.7142344,down
1709951279.732468,down
1709951279.7384608,down
1709951279.7673464,down
1709951279.7691312,down
1709951279.770883,down
1709951279.7719991,down
1709951279.7729983,down
1709951279.7739484,down
1709951279.7746146,down
1709951279.7756655,down
1709951279.7910113,down
1709951279.8037264,down
1709951279.8047314,down
1709951279.8314514,down
1709951279.8435993,down
1709951279.8963165,down
1709951279.921119,down
1709951279.9393134,down
1709951279.9700801,down
1709951279.9856846,down
1709951279.992405,down
1709951279.9983268,down
1709951279.9986904,down
1709951279.9989848,down
1709951279.9993117,down
1709951279.9996278,down
1709951279.9998772,down
1709951280.0001166,down
1709951280.0003464,down
1709951280.00058,down
1709951280.0008109,down
1709951280.001034,down
1709951280.0012524,down
1709951280.0014718,down
1709951280.0028493,down
1709951280.004197,down
1709951280.0046704,down
1709951280.0050578,down
1709951280.0122862,down
1709951280.0532775,down
1709951280.0687993,down
1709951280.083783,down
1709951280.095413,down
1709951280.1165972,down
1709951280.1268973,down
1709951280.127566,down
1709951280.1575286,down
1709951280.1831462,down
1709951280.20135,down
1709951280.213356,down
1709951280.223714,down
1709951280.2584355,down
1709951280.2738633,down
1709951280.2743201,down
1709951280.285502,down
1709951280.3012202,down
1709951280.3018293,down
1709951280.3155303,down
1709951280.3163168,down
1709951280.3223066,down
1709951280.3366458,down
1709951280.3423345,down
1709951280.358196,down
1709951280.3586206,down
1709951280.3762846,down
1709951280.3856525,down
1709951280.3914962,down
1709951280.395894,down
1709951280.4049509,down
1709951280.4173796,down
1709951280.4243448,down
1709951280.4361439,down
1709951280.4434693,down
1709951280.4438152,down
1709951280.464158,down
1709951280.4758203,down
1709951280.4901464,down
1709951280.4952521,down
1709951280.5191345,down
1709951280.5232122,down
1709951280.5349715,down
1709951280.5528927,down
1709951280.553719,down
1709951280.5723977,down
1709951280.5760922,down
1709951280.583425,down
1709951280.5837662,down
1709951280.5879238,down
1709951280.5942023,down
1709951280.6145995,down
1709951280.6274629,down
1709951280.636203,down
1709951280.6411552,down
1709951280.6515377,down
1709951280.6518002,down
1709951280.6602352,down
1709951280.676878,down
1709951280.6903934,down
1709951280.6980708,down
1709951280.7125921,down
1709951280.7321694,down
1709951280.740269,down
1709951280.7466216,down
1709951280.7636018,down
1709951280.7834628,down
1709951280.7931097,down
1709951280.79822,down
1709951280.8187044,down
1709951280.833291,down
1709951280.8503044,down
1709951280.8684442,down
1709951280.8875358,down
1709951280.8951483,down
1709951280.9128215,down
1709951280.919318,down
1709951280.9280767,down
1709951280.9317427,down
1709951280.9480326,down
1709951280.9562697,down
1709951280.968615,down
1709951280.9751074,down
1709951280.9809887,down
1709951280.9922247,down
1709951281.010277,down
1709951281.027683,down
1709951281.0389392,down
1709951281.0574749,down
1709951281.0714784,down
1709951281.0869782,down
1709951281.1267629,left
1709951281.1271343,left
1709951281.1382937,left
1709951281.1496456,left
1709951281.1671057,left
1709951281.1795602,left
1709951281.183628,left
1709951281.188771,left
1709951281.2081625,left
1709951281.2084334,left
1709951281.2223227,left
1709951281.2226627,left
1709951281.231247,left
1709951281.2370799,left
1709951281.2427337,left
1709951281.26116,left
1709951281.2619085,left
1709951281.2715037,left
1709951281.2717655,left
1709951281.2775981,left
1709951281.292078,left
1709951281.2923596,left
1709951281.3083203,left
1709951281.332572,left
1709951281.3519864,left
1709951281.3608413,left
1709951281.384703,left
1709951281.4070704,left
1709951281.4084783,left
1709951281.409738,left
1709951281.4112384,left
1709951281.4123638,left
1709951281.4134977,left
1709951281.41479,left
1709951281.4154973,left
1709951281.415978,left
1709951281.4164112,left
1709951281.418252,left
1709951281.4189487,left
1709951281.4347408,left
1709951281.4645827,left
1709951281.5009906,left
1709951281.536895,left
1709951281.552843,left
1709951281.565968,left
1709951281.5666265,left
1709951281.5727453,left
1709951281.6010506,left
1709951281.631885,left
1709951281.652856,left
1709951281.6722133,left
1709951281.694617,left
1709951281.7158382,left
1709951281.7398684,left
1709951281.7407386,left
1709951281.7788754,left
1709951281.8120441,left
1709951281.8293958,left
1709951281.851098,left
1709951281.9000127,left
1709951281.913875,left
1709951281.935804,left
1709951281.9578059,left
1709951281.9586296,left
1709951281.9590693,left
1709951281.959364,left
1709951281.9596322,left
1709951281.959902,left
1709951281.9601707,left
1709951281.9604712,left
1709951281.960879,left
1709951281.961338,left
1709951281.9621608,left
1709951281.9632,left
1709951282.0023766,left
1709951282.0333986,left
1709951282.0363758,left
1709951282.0791037,left
1709951282.10464,left
1709951282.124746,left
1709951282.1327076,left
1709951282.1533844,left
1709951282.1705372,left
1709951282.1710968,left
1709951282.1713893,left
1709951282.1716506,left
1709951282.171891,left
1709951282.1721234,left
1709951282.172354,left
1709951282.1726239,left
1709951282.1729255,left
1709951282.173244,left
1709951282.1736367,left
1709951282.1739886,left
1709951282.1742375,left
1709951282.1744652,left
1709951282.1747134,left
1709951282.1749413,left
1709951282.1751697,left
1709951282.1754036,left
1709951282.175634,left
1709951282.1758618,left
1709951282.1760976,left
1709951282.183109,left
1709951282.1837997,left
1709951282.1967645,left
1709951282.2290692,left
1709951282.2308137,left
1709951282.232154,left
1709951282.2492967,left
1709951282.2698677,left
1709951282.332255,left
1709951282.3484893,left
1709951282.3939254,left
1709951282.4184108,left
1709951282.4290738,left
1709951282.4440246,left
1709951282.4446526,left
1709951282.4452522,left
1709951282.4457936,left
1709951282.4462018,left
1709951282.446534,left
1709951282.4469125,left
1709951282.4473798,left
1709951282.4479523,left
1709951282.4484863,left
1709951282.448992,left
1709951282.4493544,left
1709951282.4496896,left
1709951282.4499812,left
1709951282.4502683,left
1709951282.4505568,left
1709951282.4508915,left
1709951282.4511778,left
1709951282.4514565,left
1709951282.4517617,left
1709951282.452098,left
1709951282.4525297,left
1709951282.4532144,left
1709951282.454378,left
1709951282.4551392,left
1709951282.4558182,left
1709951282.4641283,left
1709951282.4765399,left
1709951282.5069337,left
1709951282.5226674,left
1709951282.539596,left
1709951282.5563612,left
1709951282.5734344,left
1709951282.6037817,left
1709951282.6421769,left
1709951282.6599514,left
1709951282.660553,left
1709951282.6824803,left
1709951282.7087166,left
