1712447007.5096512,18:43:27,-0.003949370235204697,0.06312606483697891,0.9799050092697144,0.004254214931279421,0.06450659036636353,-1.4126273393630981,2.583940267562866,21.421892166137695,56.919029235839844,0.018438681960105896,0.02973332814872265,0.010246289893984795,0
1712447007.5704284,18:43:27,-0.009626590646803379,0.05729904770851135,0.9784428477287292,0.0063416967168450356,0.06546875089406967,-1.4113632440567017,3.844780206680298,34.29895782470703,91.56759643554688,0.0053932517766952515,0.029338287189602852,0.0030834521166980267,-66
1712447007.6387837,18:43:27,-0.002221520757302642,0.05462832748889923,0.984535276889801,0.007655194029211998,0.06669643521308899,-1.4112516641616821,4.560550689697266,39.42694854736328,105.41859436035156,-0.00023240596055984497,-0.0032294774428009987,0.019358523190021515,-66
1712447007.698602,18:43:27,-0.0014810138382017612,0.05341436713933945,0.982342004776001,0.006851566024124622,0.06613818556070328,-1.4119534492492676,4.747802257537842,41.31264877319336,110.7579345703125,0.027676120400428772,-0.005348035134375095,0.01737590879201889,-65
1712447007.7695348,18:43:27,-0.0017278495943173766,0.05754183977842331,0.9757621884346008,0.0062177907675504684,0.06693027168512344,-1.4123603105545044,4.70554256439209,41.993125915527344,114.0709457397461,0.0003848075866699219,0.016642281785607338,0.0034069535322487354,-68
1712447007.8370514,18:43:27,-0.011107604019343853,0.05899859592318535,0.9721066951751709,0.0076072500087320805,0.06594067811965942,-1.413961410522461,4.607385635375977,42.72116470336914,115.38131713867188,-0.023427452892065048,0.024054307490587234,-0.01884019374847412,-64
1712447007.9035053,18:43:27,-0.013329125009477139,0.059969767928123474,0.9962327480316162,0.00965090561658144,0.06448278576135635,-1.4140998125076294,4.856939792633057,42.89896774291992,114.92418670654297,-0.026411674916744232,0.04247724264860153,-0.03380734473466873,-65
1712447007.9629133,18:43:27,0.05842946469783783,0.05122923478484154,0.9796612858772278,0.00892064068466425,0.06354445219039917,-1.419623851776123,4.760995388031006,42.98341369628906,114.63923645019531,0.03192170709371567,-0.020040638744831085,0.01580142229795456,-65
1712447008.0279624,18:43:28,-0.003949370235204697,0.05729904770851135,0.9650395512580872,0.007426447235047817,0.06490203738212585,-1.4198323488235474,4.689319610595703,43.182838439941406,115.34964752197266,0.01173846423625946,-0.005319049581885338,0.012864913791418076,-66
1712447008.0915694,18:43:28,-0.0029620276764035225,0.053657159209251404,0.9669890999794006,0.007166797295212746,0.06471297889947891,-1.4193075895309448,5.176621913909912,42.70798110961914,116.08953094482422,-0.012866046279668808,0.037262193858623505,0.0066635580733418465,-64
1712447008.1564002,18:43:28,-0.014810139313340187,0.05729904770851135,0.9769806265830994,0.00918408390134573,0.06337740272283554,-1.41633141040802,5.247559070587158,42.69969940185547,116.01497650146484,-0.020284540951251984,0.07817600667476654,0.010667824186384678,-64
1712447008.2225163,18:43:28,-0.0037025348283350468,0.05802742764353752,0.9852663278579712,0.014822539873421192,0.061995282769203186,-1.413586974143982,5.072717189788818,42.968807220458984,114.66110229492188,-0.023326437920331955,-0.029979201033711433,0.037875741720199585,-67
1712447008.2897153,18:43:28,-0.01135443989187479,0.04783013463020325,0.9820983409881592,0.014134607277810574,0.06054885685443878,-1.409538745880127,4.872652530670166,42.96658706665039,115.17034149169922,0.015708357095718384,-0.020877551287412643,0.013672113418579102,-65
1712447008.3469386,18:43:28,-0.01505697425454855,0.052200403064489365,0.9813672304153442,0.013644477352499962,0.0613473504781723,-1.4069651365280151,4.526625156402588,43.14449691772461,116.57391357421875,0.009299680590629578,0.0017709080129861832,0.009991342201828957,-67
1712447008.4068701,18:43:28,-0.012341782450675964,0.050015270709991455,0.9764932990074158,0.014133772812783718,0.060981180518865585,-1.405322551727295,4.578478813171387,43.019500732421875,115.52252197265625,0.01641591638326645,0.008316079154610634,0.0011622742749750614,-64
1712447008.4779203,18:43:28,-0.012341782450675964,0.049286894500255585,0.9767369627952576,0.014709684997797012,0.06115630641579628,-1.4042537212371826,4.902811527252197,42.94131088256836,113.90821838378906,-0.005166761577129364,-0.0013991054147481918,-0.0017511914484202862,-64
1712447008.536977,18:43:28,-0.012588618323206902,0.04783013463020325,0.9791739583015442,0.015036183409392834,0.060179486870765686,-1.4038969278335571,4.357512950897217,43.08879089355469,114.22801971435547,-0.00010360777378082275,0.007407886907458305,-0.009890370070934296,-63
1712447008.591968,18:43:28,-0.02369622141122818,0.05414274334907532,0.981610894203186,0.01526497770100832,0.06025282293558121,-1.4043995141983032,4.073365688323975,42.9148063659668,115.8133316040039,0.026847995817661285,-0.01693069376051426,0.00011553557123988867,-63
1712447008.6598303,18:43:28,-0.014810139313340187,0.05559949949383736,0.9711319208145142,0.014359157532453537,0.06121961027383804,-1.404431700706482,4.096975803375244,42.7451286315918,116.01124572753906,0.017908312380313873,-0.009220176376402378,-0.0016829029191285372,-63
1712447008.7203097,18:43:28,-0.013575960882008076,0.0553567074239254,0.9613840579986572,0.014389526098966599,0.06154537573456764,-1.404279112815857,4.523530960083008,43.3905029296875,115.54424285888672,-0.005316160619258881,0.0040731895714998245,0.0023402362130582333,-63
1712447008.923653,18:43:28,-0.014069631695747375,0.05317157506942749,0.9764932990074158,0.014662334695458412,0.060964230448007584,-1.4036314487457275,4.839837074279785,42.71235656738281,115.85441589355469,0.0071295201778411865,-0.0008587818592786789,0.0034189976286143064,-63
1712447008.9886296,18:43:28,-0.012341782450675964,0.06021255999803543,0.968207597732544,0.01490966696292162,0.061698876321315765,-1.4019304513931274,4.929441452026367,42.841651916503906,116.58686065673828,0.002468481659889221,0.005943803116679192,0.027068091556429863,-63
1712447009.057492,18:43:29,-0.004936712794005871,0.059969767928123474,0.969669759273529,0.014242157340049744,0.0627962127327919,-1.4005329608917236,5.07506799697876,42.68035125732422,117.28313446044922,0.00833919644355774,-0.03133496269583702,0.014353270642459393,-62
1712447009.1157675,18:43:29,-0.03825952485203743,0.05559949949383736,1.0076864957809448,0.01423721294850111,0.06330148875713348,-1.3952980041503906,4.718928813934326,43.203468322753906,116.99408721923828,0.04914695769548416,-0.020168708637356758,-0.015495045110583305,-65
1712447009.1843362,18:43:29,-0.04739244282245636,0.04030356928706169,1.0074427127838135,0.013829691335558891,0.06541520357131958,-1.3922317028045654,5.919726848602295,43.469444274902344,114.53726196289062,0.09786229580640793,-0.05828940123319626,-0.022367022931575775,-64
1712447009.2485266,18:43:29,-0.004936712794005871,0.07040984183549881,0.9621151685714722,0.010109941475093365,0.07020188122987747,-1.3917100429534912,5.803443431854248,43.47317886352539,115.6914291381836,-0.03157197684049606,-0.08503466844558716,0.04974949732422829,-67
1712447009.3109093,18:43:29,-0.007898740470409393,0.06676795333623886,0.9604092836380005,0.005726146511733532,0.067116379737854,-1.3894776105880737,5.754332542419434,43.23739242553711,116.6769027709961,-0.143108531832695,-0.027204938232898712,0.04626220092177391,-67
1712447009.3789551,18:43:29,-0.03159496188163757,0.04200311377644539,0.9852663278579712,0.0051476964727044106,0.05735978111624718,-1.3821241855621338,5.76878023147583,43.195518493652344,116.4088363647461,-0.06878448277711868,-0.027969086542725563,0.009075384587049484,-67
1712447009.4460373,18:43:29,-0.010613933205604553,0.05729904770851135,0.9621151685714722,0.004433786030858755,0.052596088498830795,-1.381064534187317,6.151851177215576,42.97432327270508,114.62544250488281,-0.05989769101142883,0.0558333545923233,-0.0026987637393176556,-67
1712447009.5082545,18:43:29,0.00315179699100554,0.04200311377644539,0.9521235823631287,0.006385978311300278,0.049220744520425797,-1.3872594833374023,6.063443183898926,42.600311279296875,115.66403198242188,0.020093560218811035,0.0716533362865448,-0.0067242407239973545,-67
1712447009.5732443,18:43:29,-0.018019001930952072,0.037875641137361526,0.990384042263031,0.01181560568511486,0.050488442182540894,-1.3879430294036865,5.26702880859375,42.28219985961914,116.79557037353516,0.11873431503772736,0.04806685447692871,-0.015622398816049099,-60
1712447009.6390374,18:43:29,-0.0029620276764035225,0.04467383399605751,0.984535276889801,0.015822863206267357,0.05587584152817726,-1.3908370733261108,4.594531059265137,42.978580474853516,115.56900787353516,0.12799616158008575,0.09246817231178284,-0.015760237351059914,-67
1712447009.7077947,18:43:29,-0.02813926339149475,0.05122923478484154,0.9769806265830994,0.02011827379465103,0.06141464784741402,-1.3919531106948853,4.732656002044678,42.91966247558594,115.92613983154297,0.013381361961364746,-0.013230093754827976,-0.0014603249728679657,-69
1712447009.7624228,18:43:29,-0.01727849617600441,0.03714726120233536,0.9650395512580872,0.01855623349547386,0.06098230183124542,-1.3924146890640259,4.925889492034912,42.44767379760742,116.86456298828125,-0.20275267958641052,-0.11322957277297974,0.08043165504932404,-68
1712447009.8327968,18:43:29,-0.0012341781985014677,0.04394545406103134,0.9972074627876282,0.010031200014054775,0.049462027847766876,-1.3901499509811401,4.678752422332764,42.2828369140625,117.09300231933594,-0.08028613030910492,-0.029285700991749763,0.07386456429958344,-57
1712447009.885717,18:43:29,-0.018512673676013947,0.03253420814871788,0.9818546175956726,0.005988150369375944,0.043642621487379074,-1.3865386247634888,4.835801124572754,42.052066802978516,115.84036254882812,-0.07894499599933624,-0.04642190784215927,0.06304030120372772,-57
1712447009.9424582,18:43:29,0.001939567388035357,0.03957518935203552,0.9552916288375854,0.003155475715175271,0.040407225489616394,-1.388887643814087,4.269644260406494,41.780696868896484,116.73975372314453,0.025292567908763885,-0.025622360408306122,0.07619037479162216,-63
1712447010.0165899,18:43:30,-0.01826583780348301,0.052928779274225235,0.9543168544769287,-0.0010771721135824919,0.041183728724718094,-1.384643316268921,4.473510265350342,41.58345031738281,117.89251708984375,-0.14327958226203918,-0.20485027134418488,0.08762253820896149,-64
1712447010.0728548,18:43:30,0.01769855059683323,0.005098644178360701,0.9930647015571594,-0.010518737137317657,0.035115405917167664,-1.3918232917785645,4.565988540649414,41.218326568603516,116.55704498291016,0.019494079053401947,-0.055805906653404236,-0.016547996550798416,-67
1712447010.1462753,18:43:30,-0.0004936712794005871,0.008983325213193893,0.9799050092697144,-0.010982166975736618,0.03502947837114334,-1.4000747203826904,4.766324043273926,40.940914154052734,115.06404876708984,0.12395041435956955,0.03375610336661339,-0.09259924292564392,-63
1712447010.2070258,18:43:30,0.018910780549049377,0.02136574685573578,0.9757621884346008,-0.008545766584575176,0.041100163012742996,-1.4118211269378662,4.692602634429932,40.80784606933594,116.32212829589844,0.11264940351247787,0.026731150224804878,-0.10054048895835876,-61
1712447010.2808254,18:43:30,0.013819416984915733,0.020880160853266716,0.9774680733680725,-0.005277955438941717,0.04639294743537903,-1.423342227935791,4.878177165985107,41.2702751159668,115.67448425292969,0.10396020114421844,0.09717173129320145,-0.1135338693857193,-66
1712447010.3414993,18:43:30,0.010425174608826637,0.036418888717889786,0.9669890999794006,-0.0006730901077389717,0.05041428655385971,-1.4320429563522339,4.5715742111206055,41.237266540527344,114.63837432861328,-0.033255837857723236,0.005499651655554771,-0.040318552404642105,-66
1712447010.4047613,18:43:30,0.002424459205940366,0.05462832748889923,0.9894092082977295,-9.44272760534659e-05,0.047504644840955734,-1.435847520828247,4.955922603607178,41.57466506958008,114.59069061279297,-0.06019759923219681,0.0027426695451140404,0.06933490186929703,-72
1712447010.4772255,18:43:30,0.00630359398201108,0.03714726120233536,0.9920898675918579,0.0007637374801561236,0.04407402127981186,-1.4369287490844727,4.961917400360107,41.43278503417969,114.57400512695312,-0.03964205086231232,-0.01662204973399639,0.01829933188855648,-65
1712447010.5393405,18:43:30,0.0053338101133704185,0.04127473756670952,0.9806361198425293,-0.0006706113344989717,0.042367711663246155,-1.4373645782470703,5.109373092651367,41.336612701416016,113.20027160644531,0.013698190450668335,-0.0025199055671691895,0.01610620692372322,-69
1712447010.6086485,18:43:30,0.013334525749087334,0.033748168498277664,0.9689386487007141,-0.0007105282275006175,0.04165971651673317,-1.4380801916122437,5.267858982086182,40.99175262451172,113.561767578125,-0.01567741483449936,-0.0006234338507056236,0.030281992629170418,-67
1712447010.6749413,18:43:30,0.001939567388035357,0.015538725070655346,0.9757621884346008,-0.0010719910496845841,0.03911922127008438,-1.4370124340057373,5.161141395568848,40.5077018737793,115.1803970336914,-0.025846250355243683,-0.00802386924624443,0.01304789911955595,-67
1712447010.7264817,18:43:30,0.014789201319217682,0.02282250113785267,0.9808798432350159,-0.0026615257374942303,0.03693872317671776,-1.4393888711929321,5.400134563446045,40.63544464111328,113.25375366210938,0.01086696982383728,-0.008690432645380497,0.02041592448949814,-61
1712447010.7934518,18:43:30,-0.0009873425588011742,0.020394576713442802,0.9825856685638428,-0.0038296054117381573,0.03715376555919647,-1.4384466409683228,5.039731979370117,40.446407318115234,113.10295867919922,0.033580005168914795,-0.022794026881456375,0.008832411840558052,-58
1712447010.8536065,18:43:30,0.0026669050566852093,0.040789153426885605,0.9723504185676575,-0.0052741579711437225,0.03860767185688019,-1.4392305612564087,4.840372085571289,40.58671569824219,114.16995239257812,0.00417143851518631,0.008031746372580528,-0.005967163480818272,-64
1712447010.921422,18:43:30,0.010425174608826637,0.006312606856226921,0.972594141960144,-0.006187458522617817,0.036311421543359756,-1.4427173137664795,5.1235480308532715,40.29121017456055,115.09378814697266,-0.015508964657783508,-0.020990416407585144,0.015655294060707092,-63
1712447010.9826024,18:43:30,0.008243161253631115,0.025736013427376747,0.987459659576416,-0.007587921805679798,0.034689489752054214,-1.445264220237732,4.711994171142578,40.87491989135742,116.07977294921875,0.05986391752958298,0.000613686628639698,-0.02347971871495247,-64
1712447011.0432954,18:43:31,0.01745610684156418,0.025250427424907684,0.9879470467567444,-0.008339845575392246,0.03653592988848686,-1.4500999450683594,5.039724349975586,41.35873031616211,114.09750366210938,0.0009470060467720032,-0.0103224515914917,-0.002680455334484577,-64
1712447011.1123202,18:43:31,0.009940282441675663,0.0313202403485775,0.9796612858772278,-0.009424084797501564,0.03704402595758438,-1.452553629875183,5.130813121795654,41.10182189941406,114.9610595703125,0.02642681449651718,-0.0010456289164721966,0.01304991077631712,-63
1712447011.1833115,18:43:31,0.013819416984915733,0.02330808714032173,0.9752748012542725,-0.010219507850706577,0.03819039463996887,-1.4546219110488892,5.738731861114502,40.7079963684082,114.58560180664062,0.02584666758775711,0.018377000465989113,-0.007654558401554823,-63
1712447011.2529562,18:43:31,0.011879850178956985,0.0276783537119627,0.969669759273529,-0.008594450540840626,0.038014911115169525,-1.4559072256088257,5.572267532348633,41.104732513427734,114.48860931396484,-0.026187509298324585,-0.00320121506229043,-0.012738979421555996,-61
1712447011.3188715,18:43:31,0.018183445557951927,0.02403646521270275,0.9686949253082275,-0.009095028974115849,0.03633914515376091,-1.4585028886795044,5.184035301208496,41.133689880371094,114.46656036376953,-0.003482602536678314,0.003600785508751869,-0.02138800546526909,-63
1712447011.3766372,18:43:31,0.012122295796871185,0.022336916998028755,0.9813672304153442,-0.00944166537374258,0.03485426306724548,-1.4615886211395264,5.454007625579834,40.8561897277832,114.60253143310547,0.009288586676120758,-0.003143352922052145,-0.01772501692175865,-63
1712447011.456079,18:43:31,0.01769855059683323,0.029620693996548653,0.9764932990074158,-0.010192513465881348,0.0344533808529377,-1.4641941785812378,5.761862277984619,40.556495666503906,113.54210662841797,0.010597385466098785,0.006229815073311329,-0.016769304871559143,-62
1712447011.5210588,18:43:31,0.018425889313220978,0.02694997750222683,0.974299967288971,-0.011242127977311611,0.0342663936316967,-1.4668203592300415,5.437845706939697,40.76641845703125,113.22183227539062,-0.0071015432476997375,-0.0064310552552342415,-0.015639256685972214,-62
1712447011.5957124,18:43:31,0.028123727068305016,0.03763284906744957,0.9677202105522156,-0.011693473905324936,0.0333649143576622,-1.4704970121383667,5.221768856048584,41.10802459716797,114.53568267822266,0.041772469878196716,0.02187485247850418,-0.016870900988578796,-60
1712447011.669387,18:43:31,0.011394958011806011,0.023065295070409775,0.9769806265830994,-0.011299415491521358,0.03437826409935951,-1.473728895187378,5.04534387588501,41.25064468383789,115.32621765136719,-0.02265283092856407,0.01943768747150898,-0.024960720911622047,-68
1712447011.7333174,18:43:31,0.026669051498174667,0.01383917685598135,0.9757621884346008,-0.011132280342280865,0.03233920782804489,-1.4775009155273438,5.8023223876953125,41.11090850830078,113.5997543334961,0.012337639927864075,0.008357350714504719,-0.008893299847841263,-61
1712447011.7888515,18:43:31,0.01648632250726223,0.028892317786812782,0.9857537150382996,-0.01124937366694212,0.032670218497514725,-1.4770686626434326,6.413200378417969,40.98627853393555,113.18081665039062,0.016010820865631104,0.006103760562837124,-0.011174708604812622,-61
1712447011.8455017,18:43:31,0.019153228029608727,0.03447654843330383,0.9869722723960876,-0.01167426910251379,0.03293254226446152,-1.4768550395965576,6.155239582061768,40.99124526977539,113.41661834716797,0.0204303115606308,0.014336373656988144,-0.008237670175731182,-61
1712447011.9144099,18:43:31,0.021577686071395874,0.027192767709493637,0.9740563035011292,-0.012415287084877491,0.03373785689473152,-1.4781544208526611,6.000847816467285,41.070587158203125,113.15190124511719,-0.0032589882612228394,0.005434674210846424,-0.001323586329817772,-61
1712447011.9896305,18:43:31,0.023517252877354622,0.015295932069420815,0.9708882570266724,-0.013328525237739086,0.033319294452667236,-1.4790863990783691,5.745396614074707,40.849308013916016,112.65238952636719,0.02161683887243271,0.009927015751600266,0.01163257472217083,-61
1712447012.0639603,18:43:32,0.018183445557951927,0.02622159756720066,0.9781991243362427,-0.013378731906414032,0.033721812069416046,-1.479283332824707,5.224153995513916,41.212406158447266,113.7326889038086,-0.000981748104095459,0.022188661620020866,0.014853679575026035,-72
1712447012.129233,18:43:32,0.026669051498174667,0.0276783537119627,0.9633336067199707,-0.01271387841552496,0.03340552747249603,-1.4797173738479614,5.23841667175293,41.05083084106445,114.39820098876953,-0.010686174035072327,0.017048394307494164,0.019207272678613663,-72
1712447012.186905,18:43:32,0.025941714644432068,0.030106279999017715,0.9699134826660156,-0.012559874914586544,0.03240001201629639,-1.4811127185821533,5.210010051727295,40.60031509399414,114.85589599609375,-0.005931757390499115,0.0208958238363266,0.01310843788087368,-72
1712447012.258507,18:43:32,0.020607901737093925,0.018209444358944893,0.9799050092697144,-0.011725052259862423,0.03154139593243599,-1.4819616079330444,5.0547709465026855,40.99040985107422,115.12444305419922,-0.006526149809360504,0.013524392619729042,0.009566403925418854,-68
1712447012.3270972,18:43:32,0.020850349217653275,0.02403646521270275,0.9784428477287292,-0.011963637545704842,0.030344627797603607,-1.4839110374450684,5.14122200012207,41.1458740234375,115.18292999267578,-0.013274837285280228,0.02416338585317135,0.0013479511253535748,-69
1712447012.3976192,18:43:32,0.019638117402791977,0.018209444358944893,0.9669890999794006,-0.011141703464090824,0.028891582041978836,-1.4854612350463867,4.943457126617432,41.04850769042969,115.64544677734375,0.012544773519039154,0.03852745145559311,-0.0072873299941420555,-69
1712447012.4621923,18:43:32,0.020850349217653275,0.012625213712453842,0.9655268788337708,-0.009579530917108059,0.028802191838622093,-1.4893804788589478,4.77770471572876,40.884578704833984,115.58541870117188,0.0039061978459358215,0.04174572974443436,-0.07978901267051697,-66
1712447012.5217683,18:43:32,0.026669051498174667,0.00995449535548687,0.973325252532959,-0.00819669384509325,0.027880769222974777,-1.493794322013855,4.721409797668457,40.554595947265625,114.89842224121094,0.011225588619709015,0.021724414080381393,0.013644118793308735,-58
1712447012.5795374,18:43:32,0.028123727068305016,0.005827021785080433,0.9781991243362427,-0.007737163454294205,0.02662843093276024,-1.4957726001739502,4.78681755065918,40.05432891845703,113.70433807373047,0.0276988223195076,0.033250607550144196,0.0073683001101017,-61
1712447012.6503031,18:43:32,0.026911497116088867,0.021122954785823822,0.9779554605484009,-0.007212655618786812,0.027545493096113205,-1.4970448017120361,4.667757987976074,40.26803207397461,114.55570220947266,0.0149003267288208,0.008408818393945694,0.029620524495840073,-61
1712447012.7076697,18:43:32,0.03297264501452446,0.02355087921023369,0.9755184650421143,-0.008748183026909828,0.028625525534152985,-1.4992551803588867,4.670126438140869,40.36772537231445,115.19168853759766,0.02052316814661026,0.02494659833610058,0.03762476146221161,-64
1712447012.768412,18:43:32,0.02375970035791397,0.018695026636123657,0.9604092836380005,-0.008337852545082569,0.030125509947538376,-1.4982225894927979,4.420636177062988,40.6487922668457,115.8150405883789,0.024592973291873932,0.003714554011821747,0.03378191590309143,-64
1712447012.8367782,18:43:32,0.022062579169869423,0.025736013427376747,0.9655268788337708,-0.008937827311456203,0.030828407034277916,-1.4977059364318848,4.2366533279418945,40.930477142333984,115.73641967773438,-0.005394764244556427,0.021554823964834213,0.026197165250778198,-57
1712447012.89817,18:43:32,0.007515823468565941,0.02136574685573578,0.9750310778617859,-0.007346685044467449,0.0302323866635561,-1.4959373474121094,4.1373162269592285,40.87934875488281,115.14153289794922,-0.0069778189063072205,0.040484629571437836,-0.003709215670824051,-61
1712447012.955433,18:43:32,0.00630359398201108,0.013596383854746819,0.9838041663169861,-0.005242224782705307,0.028765680268406868,-1.4948921203613281,4.038135051727295,40.74799728393555,115.04006958007812,-0.01189536601305008,0.008474495261907578,0.0022895047441124916,-61
1712447013.0233939,18:43:33,0.01648632250726223,0.019666196778416634,0.9713756442070007,-0.005324255209416151,0.026444850489497185,-1.4971309900283813,4.012133598327637,40.602664947509766,115.09229278564453,-0.04689938947558403,-0.02349747344851494,-0.007495418656617403,-59
1712447013.0906553,18:43:33,0.01575898379087448,0.02282250113785267,0.9730815291404724,-0.006305906921625137,0.0229104645550251,-1.4977989196777344,4.085630416870117,40.3759651184082,114.9822998046875,-0.03263421356678009,-0.010434707626700401,-0.008146489039063454,-62
1712447013.1514707,18:43:33,0.02545681968331337,0.06603957712650299,0.9635773301124573,-0.007654834538698196,0.024133743718266487,-1.500093936920166,4.530229568481445,40.754817962646484,115.33525085449219,-0.010912410914897919,0.03141817823052406,0.005137559957802296,-62
1712447013.2081234,18:43:33,0.04024602472782135,0.08036433905363083,0.9986696839332581,-0.007871057838201523,0.027984797954559326,-1.5061520338058472,4.574055194854736,40.79632568359375,115.7518539428711,-0.024323362857103348,0.11306962370872498,-0.040354594588279724,-62
1712447013.2688322,18:43:33,0.038064006716012955,0.03326258063316345,0.981610894203186,-0.004922918509691954,0.027982739731669426,-1.5141026973724365,4.310169696807861,40.286277770996094,114.30696105957031,0.06228737533092499,-0.0004595927894115448,-0.11900470405817032,-60
1712447013.3377929,18:43:33,0.03539710119366646,0.043702661991119385,0.9540731310844421,-0.008530152030289173,0.03330761566758156,-1.5266551971435547,3.854236602783203,40.91398239135742,113.62973022460938,0.09435780346393585,-0.20387771725654602,-0.005994631443172693,-66
1712447013.408303,18:43:33,0.0026669050566852093,0.082792267203331,0.9857537150382996,-0.022307684645056725,0.04182620346546173,-1.528455138206482,3.921210765838623,41.04581832885742,114.17436218261719,0.04273968189954758,-0.23136664927005768,-0.05119865760207176,-59
1712447013.4796734,18:43:33,0.05067119374871254,0.06603957712650299,1.0191402435302734,-0.03738414868712425,0.045244257897138596,-1.5326801538467407,4.5272216796875,41.486915588378906,113.9850845336914,0.1785138100385666,-0.10909091681241989,-0.02819046378135681,-69
1712447013.5411348,18:43:33,0.00315179699100554,0.05195761099457741,1.0296192169189453,-0.03690812736749649,0.055455610156059265,-1.5275921821594238,5.03326940536499,42.3339729309082,114.0810317993164,-0.006616488099098206,-0.061871036887168884,-0.11665423959493637,-69
1712447013.6017349,18:43:33,0.055035222321748734,0.03447654843330383,0.9981822967529297,-0.04202329367399216,0.05378621816635132,-1.5376445055007935,5.467614650726318,42.27803421020508,113.45997619628906,0.008835196495056152,-0.14605842530727386,-0.1154208853840828,-61
1712447013.6775577,18:43:33,0.05624745413661003,0.01311079878360033,0.9382328391075134,-0.050893642008304596,0.05186714604496956,-1.5475871562957764,5.906576633453369,42.11483383178711,113.44628143310547,-0.016718100756406784,-0.25073865056037903,-0.10355576872825623,-61
1712447013.7583485,18:43:33,0.09140210598707199,0.050743646919727325,0.8999724984169006,-0.06761876493692398,0.05330536887049675,-1.5724579095840454,6.333414554595947,42.21442413330078,114.4765396118164,0.004662185907363892,0.05408311262726784,-0.1854117065668106,-61
1712447013.846918,18:43:33,0.01721366122364998,-0.04655659571290016,1.0266947746276855,-0.05935191735625267,0.05211574211716652,-1.5811747312545776,6.48921012878418,42.4569091796875,113.35880279541016,0.08193663507699966,0.09073501825332642,-0.0342225581407547,-64
1712447013.9187255,18:43:33,0.05624745413661003,0.049286894500255585,0.9350647926330566,-0.05288264900445938,0.054897479712963104,-1.5793001651763916,6.555211067199707,42.53504180908203,113.87383270263672,0.0013131722807884216,0.043873004615306854,0.07665186375379562,-64
1712447013.969981,18:43:33,0.05818701907992363,0.043702661991119385,0.9764932990074158,-0.051604948937892914,0.05118430778384209,-1.5770387649536133,6.098158836364746,42.12411117553711,114.42586517333984,0.023310929536819458,0.057713937014341354,0.0850093886256218,-60
1712447014.0330548,18:43:34,0.05042875185608864,0.042245909571647644,0.9735689163208008,-0.050338875502347946,0.04939275607466698,-1.5739942789077759,5.782456874847412,42.13337707519531,112.82195281982422,-0.05867388844490051,-0.07450833171606064,0.10423407703638077,-63
1712447014.113756,18:43:34,0.09431146085262299,0.013596383854746819,0.9606529474258423,-0.06098328158259392,0.04418940842151642,-1.5780655145645142,6.005898952484131,42.05845642089844,112.73362731933594,0.036418840289115906,-0.09755979478359222,0.17160499095916748,-59
1712447014.1740847,18:43:34,0.081219382584095,0.015053139999508858,1.030106544494629,-0.0687762051820755,0.04383061081171036,-1.5718984603881836,6.641027450561523,42.02104568481445,111.80123138427734,-0.008479755371809006,0.032859932631254196,0.17710277438163757,-59
1712447014.2270153,18:43:34,0.0826740637421608,0.0009711703169159591,1.0371737480163574,-0.06627534329891205,0.03892099857330322,-1.5632191896438599,6.155755996704102,41.38931655883789,110.74922943115234,0.03275364637374878,0.08020198345184326,0.20184281468391418,-56
1712447014.2930176,18:43:34,0.005576256196945906,0.03836122900247574,1.054476261138916,-0.055496156215667725,0.038458939641714096,-1.5419607162475586,5.832315921783447,40.3404541015625,109.78812408447266,0.011782810091972351,0.030205566436052322,0.15700918436050415,-56
1712447014.3484533,18:43:34,0.011879850178956985,0.07720804214477539,0.9238547682762146,-0.05158601701259613,0.04143171384930611,-1.523034930229187,5.738650798797607,40.15334701538086,111.15089416503906,-0.012158945202827454,-0.25128528475761414,0.1477801501750946,-56
1712447014.4090803,18:43:34,0.09576613456010818,0.07696525007486343,0.8873002529144287,-0.06358401477336884,0.04420451819896698,-1.5286173820495605,6.028825759887695,39.862815856933594,113.60909271240234,-0.02193279191851616,-0.0658876895904541,0.18534836173057556,-55
1712447014.4681149,18:43:34,0.01721366122364998,0.040789153426885605,0.9453001022338867,-0.06571078300476074,0.04294091835618019,-1.517788052558899,5.536552429199219,39.65478515625,114.3517074584961,0.052592769265174866,0.0400974340736866,0.22230571508407593,-55
1712447014.5174327,18:43:34,-0.04566459357738495,0.0849774032831192,0.9891654849052429,-0.055113233625888824,0.045056574046611786,-1.487116813659668,5.7059526443481445,39.60748291015625,112.38175964355469,-0.11039568483829498,0.09236058592796326,0.013758597895503044,-55
1712447014.5821588,18:43:34,0.017940998077392578,0.05608508735895157,0.8987540006637573,-0.046179357916116714,0.041652459651231766,-1.4840785264968872,5.379993915557861,39.15869140625,113.07970428466797,0.0025473833084106445,0.0644129067659378,-0.09243133664131165,-54
1712447014.6507215,18:43:34,0.07418844848871231,0.05681345984339714,0.9389639496803284,-0.04422435536980629,0.04305635020136833,-1.5036078691482544,5.165830612182617,38.76719284057617,114.10707092285156,0.041105277836322784,0.07583650946617126,-0.06691685318946838,-54
1712447014.7196321,18:43:34,0.027638833969831467,0.12430980056524277,1.016459584236145,-0.04231581091880798,0.050564929842948914,-1.5120790004730225,5.47561502456665,38.61834716796875,111.66154479980469,0.01916595548391342,-0.02860117331147194,-0.026154767721891403,-54
1712447014.775585,18:43:34,0.03879134729504585,0.07842200249433517,0.9989133477210999,-0.04565371572971344,0.05432897061109543,-1.5190871953964233,5.481386184692383,38.661075592041016,112.20543670654297,-0.10835401713848114,-0.1299324780702591,-0.0848962590098381,-62
1712447014.8289766,18:43:34,0.05067119374871254,0.022579709067940712,1.0069553852081299,-0.054258253425359726,0.04754197597503662,-1.530083417892456,5.118239879608154,38.491512298583984,112.22567749023438,0.00806720182299614,-0.23036053776741028,-0.11777500063180923,-54
1712447014.8915935,18:43:34,0.10643375664949417,0.02476484328508377,0.982342004776001,-0.06849485635757446,0.04664402827620506,-1.5554454326629639,5.03653621673584,38.355979919433594,111.90287780761719,0.09511549770832062,0.029868051409721375,-0.17428003251552582,-51
1712447014.9598505,18:43:34,-0.11132287234067917,-0.014473553746938705,1.1863162517547607,-0.059257179498672485,0.0516299307346344,-1.557573676109314,5.108389854431152,38.6123161315918,111.84274291992188,0.32480084896087646,0.01642901450395584,-0.24452954530715942,-54
1712447015.0343244,18:43:35,0.061581265181303024,0.08376343548297882,0.8280819058418274,-0.06002967059612274,0.06790749728679657,-1.5721770524978638,5.8556809425354,39.179405212402344,112.68580627441406,0.00806720182299614,-0.05931827425956726,-0.09547842293977737,-58
1712447015.0940158,18:43:35,0.02303236350417137,0.015538725070655346,0.9967200756072998,-0.06239625811576843,0.06772717088460922,-1.5792316198349,6.211232662200928,39.251197814941406,114.41752624511719,-0.07044649869203568,0.1320684254169464,-0.07675668597221375,-58
1712447015.1566374,18:43:35,-0.11132287234067917,-0.039802271872758865,1.085913062095642,-0.04603363946080208,0.055564530193805695,-1.553621768951416,5.895715713500977,39.238853454589844,111.5658950805664,0.022013060748577118,0.05720715597271919,-0.04794691503047943,-60
1712447015.2305908,18:43:35,0.03976112976670265,0.02330808714032173,0.8597624897956848,-0.04178600013256073,0.05286204814910889,-1.549293875694275,5.162415981292725,39.19015884399414,114.39286804199219,-0.04163220897316933,0.030959762632846832,0.14279787242412567,-53
1712447015.2848313,18:43:35,0.013819416984915733,0.05729904770851135,0.9314092993736267,-0.04141475260257721,0.049135722219944,-1.5413308143615723,4.639247894287109,38.75566101074219,114.8854751586914,-0.025618283078074455,0.01314593106508255,0.11007986962795258,-55
1712447015.3546565,18:43:35,0.036366891115903854,0.05948418006300926,0.9392076730728149,-0.042792946100234985,0.04769290238618851,-1.5363625288009644,4.5327935218811035,38.92094421386719,110.70369720458984,-0.010728757828474045,-0.07500141859054565,0.21748191118240356,-58
1712447015.411072,18:43:35,0.07079420238733292,0.05341436713933945,0.9723504185676575,-0.04983426630496979,0.04666391387581825,-1.532498836517334,4.992002964019775,38.363319396972656,109.5131607055664,0.05281471088528633,-0.03049779310822487,0.14986298978328705,-60
1712447015.478819,18:43:35,0.05721723660826683,0.013353591784834862,1.0271822214126587,-0.049688536673784256,0.04626475274562836,-1.53156578540802,4.439360618591309,38.25339889526367,111.64987182617188,0.012192171066999435,0.3158628046512604,0.08511127531528473,-67
1712447015.5424912,18:43:35,-0.09774692356586456,-0.04703905060887337,1.0883501768112183,-0.03115914762020111,0.04899803176522255,-1.5136783123016357,4.1338396072387695,38.30253982543945,110.32652282714844,0.42635881900787354,0.03517022356390953,0.13489679992198944,-67
1712447015.6024973,18:43:35,-0.0681266337633133,0.11047062277793884,1.0028126239776611,-0.02152009680867195,0.06407897174358368,-1.4839073419570923,4.209121227264404,38.67919158935547,109.531005859375,-0.21138451993465424,0.10419799387454987,-0.12136117368936539,-67
1712447015.669255,18:43:35,0.061338815838098526,-0.03594265878200531,0.8176029324531555,-0.019749995321035385,0.049446821212768555,-1.49920654296875,3.810640811920166,38.280513763427734,111.7966079711914,0.22557707130908966,-0.33161661028862,0.2911337614059448,-59
1712447015.7295294,18:43:35,-0.15081658959388733,0.043702661991119385,1.215072512626648,-0.026924705132842064,0.06234726309776306,-1.4527002573013306,2.480954885482788,37.930877685546875,111.76908874511719,0.06430864334106445,0.007413588464260101,-0.006663053296506405,-59
1712447015.7919385,18:43:35,-0.08787348866462708,0.10294405370950699,0.9569975137710571,-0.012887148186564445,0.06522591412067413,-1.4211679697036743,1.7711262702941895,37.981407165527344,111.51111602783203,-0.025183118879795074,0.209304541349411,-0.20397253334522247,-56
1712447015.856077,18:43:35,0.008000715635716915,0.014324761927127838,0.8127289414405823,-0.0037798306439071894,0.06360817700624466,-1.4401386976242065,1.1980737447738647,37.347984313964844,115.1174087524414,0.2494008094072342,-0.028016595169901848,-0.08027231693267822,-57
1712447015.9239967,18:43:35,0.01672876812517643,0.099544957280159,0.9621151685714722,-0.0067550488747656345,0.08059600740671158,-1.4617072343826294,0.8515117168426514,37.69935989379883,114.6497573852539,0.038418810814619064,-0.02952301874756813,-0.11312039941549301,-57
1712447015.987332,18:43:35,0.046549614518880844,0.08764811605215073,0.9699134826660156,-0.009224205277860165,0.08442415297031403,-1.484262466430664,2.4797935485839844,39.400630950927734,112.5988540649414,0.004931211471557617,-0.009386701509356499,-0.13730639219284058,-57
1712447016.0517354,18:43:36,0.05261076241731644,0.03908960521221161,1.0320560932159424,-0.011172827333211899,0.08243754506111145,-1.5037486553192139,3.4500892162323,40.34536361694336,113.47576141357422,0.11509151011705399,0.017847079783678055,-0.10185258835554123,-50
1712447016.1182177,18:43:36,0.027881281450390816,0.099544957280159,1.1690137386322021,-0.006270137149840593,0.0872296616435051,-1.5125553607940674,4.6445722579956055,40.912269592285156,111.10189056396484,0.18625730276107788,0.14276902377605438,-0.09727109968662262,-50
1712447016.1816564,18:43:36,-0.15600013732910156,0.08133551478385925,1.0483838319778442,0.009768882766366005,0.09321826696395874,-1.4802101850509644,4.776923179626465,41.6773567199707,111.47673034667969,-0.09138094633817673,-0.16968855261802673,-0.25181999802589417,-46
1712447016.2405806,18:43:36,0.047034505754709244,0.14130526781082153,0.7783676981925964,-0.0006762677803635597,0.09061509370803833,-1.4944095611572266,5.143115997314453,41.59449005126953,114.68875122070312,-0.14238819479942322,-0.024913489818572998,-0.21333549916744232,-47
1712447016.3068974,18:43:36,-0.12094946205615997,-0.03304794803261757,1.0683670043945312,0.0028147506527602673,0.07577469199895859,-1.4969377517700195,4.629242897033691,40.63132095336914,118.59031677246094,0.135250061750412,0.019068807363510132,-0.07741797715425491,-48
1712447016.376168,18:43:36,-0.11033553630113602,0.040789153426885605,0.9635773301124573,0.00975881703197956,0.07798273861408234,-1.4755924940109253,4.051905632019043,39.96891784667969,114.06234741210938,0.0005449540913105011,0.02565520629286766,-0.09293359518051147,-60
1712447016.4336767,18:43:36,0.04097335785627365,0.03496213257312775,0.8215020895004272,0.007481185253709555,0.0742906853556633,-1.4861582517623901,3.8523387908935547,40.18452835083008,118.38868713378906,-0.08450230956077576,0.009862951934337616,0.0476713664829731,-60
1712447016.492949,18:43:36,0.0014546754537150264,0.004127473570406437,0.9204429984092712,0.0038647782057523727,0.06683246791362762,-1.4867125749588013,3.3610169887542725,39.8079948425293,120.14057922363281,0.07872054725885391,-0.04935004562139511,0.017083439975976944,-50
1712447016.5580976,18:43:36,0.035639550536870956,0.07016704976558685,0.9404261112213135,-0.001527387648820877,0.07003241777420044,-1.49191415309906,4.046843528747559,40.665287017822266,116.18864440917969,0.025789350271224976,-0.06710410118103027,0.14797969162464142,-57
1712447016.6155047,18:43:36,0.06473305821418762,0.0424887016415596,1.0001319646835327,-0.010811865329742432,0.07048020511865616,-1.4978346824645996,4.8483781814575195,41.26579666137695,116.23362731933594,0.0430360771715641,-0.024584367871284485,0.1246878057718277,-57
1712447016.6756968,18:43:36,0.06497550755739212,0.02476484328508377,1.104190468788147,-0.012218605726957321,0.06872392445802689,-1.4995263814926147,5.283832550048828,41.47280502319336,116.33583068847656,1.677870750427246e-05,0.2595166862010956,0.17768815159797668,-61
1712447016.7470865,18:43:36,-0.17204444110393524,0.0036418887320905924,1.2686858177185059,0.005704056471586227,0.06942776590585709,-1.4592114686965942,5.6406755447387695,41.547447204589844,114.08609008789062,0.08981397747993469,-0.07218313962221146,0.1413416713476181,-61
1712447016.8046942,18:43:36,-0.05479751527309418,0.13887736201286316,0.8380734324455261,0.007661227602511644,0.07751044631004333,-1.4183502197265625,5.9806599617004395,41.2686767578125,115.17562866210938,-0.2062891125679016,-0.094693623483181,-0.05712926387786865,-49
1712447016.8618078,18:43:36,0.05818701907992363,0.07478010654449463,0.7722753286361694,-0.0036735644098371267,0.07081259787082672,-1.4333487749099731,4.576841354370117,39.889652252197266,120.29386901855469,0.11502599716186523,-0.020778927952051163,0.25532829761505127,-49
1712447016.9316945,18:43:36,-0.1900634467601776,0.08716253191232681,1.085425853729248,0.0017074516508728266,0.07336395233869553,-1.3843833208084106,4.230164051055908,39.14118576049805,120.14112091064453,-0.03433055430650711,0.05619009584188461,0.1071934849023819,-49
1712447016.989767,18:43:36,-0.09799375385046005,0.09590306133031845,0.8985102772712708,0.01137249730527401,0.07146981358528137,-1.3543227910995483,3.764832019805908,38.695884704589844,117.69680786132812,-0.026846684515476227,0.056446921080350876,-0.02794097363948822,-53
1712447017.0535383,18:43:37,0.030305739492177963,0.03836122900247574,0.846359133720398,0.009018545970320702,0.0712033361196518,-1.3748841285705566,2.900426149368286,37.89426803588867,123.48793029785156,0.08140939474105835,0.015770243480801582,-0.0024906713515520096,-49
1712447017.1212916,18:43:37,-0.00024683563970029354,0.0699242651462555,0.9423757195472717,0.00895632617175579,0.07565009593963623,-1.3862402439117432,2.3692684173583984,37.869590759277344,122.18170166015625,0.046559806913137436,0.07274718582630157,-0.04188171774148941,-48
1712447017.1852813,18:43:37,0.010425174608826637,0.07429452240467072,0.9825856685638428,0.01157426368445158,0.07912124693393707,-1.3985958099365234,2.9996423721313477,39.015785217285156,117.7741470336914,0.03104279935359955,-0.08220481127500534,-0.16754230856895447,-51
1712447017.246273,18:43:37,0.03200286254286766,0.052200403064489365,1.0098797082901,0.005469913128763437,0.0798865258693695,-1.4216562509536743,3.811112880706787,39.605003356933594,117.9175033569336,0.08663152903318405,-0.14817826449871063,-0.1904497593641281,-57
1712447017.317807,18:43:37,0.1718941628932953,0.08376343548297882,0.9928209781646729,-0.00329590798355639,0.08339783549308777,-1.4534202814102173,5.220922946929932,40.00234603881836,115.48656463623047,0.10037600249052048,0.08608856052160263,-0.11164814233779907,-56
1712447017.3769248,18:43:37,-0.23449386656284332,0.0024279258213937283,1.1692575216293335,0.013212248682975769,0.08469142764806747,-1.4256300926208496,4.930224895477295,40.52230453491211,114.58650970458984,0.02646131068468094,-0.14390221238136292,-0.3135391175746918,-49
1712447017.4329064,18:43:37,0.03879134729504585,0.09541748464107513,0.8049306869506836,0.0050791185349226,0.0841865986585617,-1.4440418481826782,4.16530704498291,40.65941619873047,118.21834564208984,0.017603762447834015,-0.06846034526824951,-0.22801797091960907,-50
1712447017.5166368,18:43:37,-0.027645593509078026,0.01845223642885685,1.0069553852081299,0.008642978966236115,0.07901956886053085,-1.4639531373977661,2.985210657119751,40.42716598510742,121.16927337646484,-0.05356203764677048,0.1743585765361786,-0.21274633705615997,-50
1712447017.5872402,18:43:37,-0.09601906687021255,0.009468910284340382,0.9472496509552002,0.021234069019556046,0.07568204402923584,-1.4571055173873901,2.9399654865264893,40.74998092651367,116.86405181884766,0.010701313614845276,-0.0859283059835434,0.03136896342039108,-56
1712447017.6538563,18:43:37,0.039276234805583954,0.11047062277793884,0.8758464455604553,0.012175148352980614,0.07933259010314941,-1.4689127206802368,2.22072172164917,40.57904052734375,120.42321014404297,-0.05162562057375908,0.0790502279996872,0.050591617822647095,-53
1712447017.7089021,18:43:37,-0.027892427518963814,0.04685896635055542,0.9338463544845581,0.016554292291402817,0.07527860254049301,-1.4614373445510864,2.9792473316192627,40.2808952331543,119.85448455810547,-0.07558931410312653,-0.09293825924396515,0.08015666902065277,-53
1712447017.764478,18:43:37,0.004364026710391045,0.025736013427376747,0.9616277813911438,0.013100939802825451,0.06825274974107742,-1.4570001363754272,3.5010273456573486,40.8092041015625,117.2520980834961,-0.13748614490032196,-0.21903030574321747,0.16850510239601135,-57
1712447017.828706,18:43:37,0.06909708678722382,0.040789153426885605,1.0040310621261597,-0.002871899167075753,0.05907400697469711,-1.458056092262268,3.239431858062744,41.59791564941406,118.69572448730469,-0.03669338673353195,-0.017444785684347153,0.3313007056713104,-57
1712447017.8835876,18:43:37,0.01721366122364998,0.020394576713442802,1.1141819953918457,-0.0032640104182064533,0.051822878420352936,-1.4484022855758667,4.411502838134766,42.00021743774414,117.07749938964844,0.17985834181308746,0.18108642101287842,0.44095101952552795,-52
1712447017.9499166,18:43:37,-0.21844954788684845,0.11969674378633499,1.2469968795776367,0.014070971868932247,0.060899898409843445,-1.388980746269226,4.575497150421143,41.67366027832031,114.20621490478516,0.15420199930667877,-0.1463373452425003,0.11474897712469101,-49
1712447018.0115602,18:43:38,-0.0017278495943173766,0.12989403307437897,0.7386451363563538,0.00844532810151577,0.0747998058795929,-1.369605302810669,3.9058144092559814,41.39495086669922,115.98561096191406,-0.05013241991400719,-0.3179904818534851,-0.029109790921211243,-53
1712447018.0750737,18:43:38,0.028123727068305016,0.050743646919727325,0.8972918391227722,-0.009386282414197922,0.07523941248655319,-1.385744571685791,2.9567229747772217,40.267906188964844,122.28059387207031,0.20582011342048645,-0.2120053619146347,0.1306314766407013,-53
1712447018.1350918,18:43:38,-0.10021527856588364,0.10440080612897873,1.1158878803253174,-0.009393179789185524,0.08527039736509323,-1.3594919443130493,1.5765049457550049,40.2315559387207,120.82627868652344,-0.032170236110687256,0.12370160222053528,0.013611285015940666,-48
1712447018.2076652,18:43:38,-0.013822796754539013,0.09031883627176285,0.8419725894927979,0.0011673143599182367,0.08449260145425797,-1.3590279817581177,2.2905242443084717,39.7331428527832,120.4760513305664,-0.028211433440446854,0.09530985355377197,-0.058471500873565674,-47
1712447018.2700992,18:43:38,0.043397821485996246,0.06312606483697891,0.8351490497589111,0.003686650888994336,0.08101818710565567,-1.3862022161483765,2.0046558380126953,38.48463439941406,122.82030487060547,-0.021040070801973343,-0.020213179290294647,-0.002778856083750725,-53
1712447018.3393114,18:43:38,0.04315537214279175,0.08789090812206268,0.952610969543457,-0.00014799112977925688,0.0787775069475174,-1.4053890705108643,2.962315082550049,40.4637451171875,119.89732360839844,0.020864278078079224,-0.11328652501106262,-0.03986693546175957,-46
1712447018.39784,18:43:38,0.013819416984915733,0.09687423706054688,0.9925772547721863,-0.006237506400793791,0.08313485980033875,-1.413286566734314,4.940425395965576,42.09837341308594,117.6639633178711,0.04091235250234604,-0.10295122116804123,-0.15658389031887054,-46
1712447018.4563246,18:43:38,0.09649347513914108,0.07502290606498718,1.010123372077942,-0.008392727933824062,0.08533809334039688,-1.4328160285949707,5.560422420501709,42.960418701171875,116.75767517089844,0.10108257085084915,0.13009387254714966,-0.06037261709570885,-49
1712447018.5103304,18:43:38,-0.1589621603488922,0.0424887016415596,1.2538203001022339,0.00805248599499464,0.08740342408418655,-1.4118103981018066,5.942694664001465,43.013179779052734,114.75666046142578,0.19698843359947205,0.11757113039493561,-0.1532241404056549,-43
1712447018.5764773,18:43:38,-0.10613933205604553,0.08182109892368317,0.8919304609298706,0.02148505114018917,0.09316887706518173,-1.3942253589630127,5.596648216247559,42.793453216552734,113.9214859008789,-0.07148685306310654,-0.028425656259059906,-0.21186719834804535,-48
1712447018.636837,18:43:38,0.04291292652487755,0.030834658071398735,0.906552255153656,0.016303617507219315,0.0851115882396698,-1.4214216470718384,4.326449871063232,41.728755950927734,119.55099487304688,-0.0628189817070961,0.11451715230941772,-0.16900312900543213,-64
1712447018.6998425,18:43:38,-0.170810267329216,-0.031359363347291946,1.1076021194458008,0.027179671451449394,0.07558098435401917,-1.412597894668579,4.003957271575928,40.94865798950195,117.96187591552734,0.22092792391777039,-0.025676419958472252,-0.0795113742351532,-56
1712447018.7571957,18:43:38,-0.07553170621395111,0.061426520347595215,0.9906277060508728,0.032837461680173874,0.08408771455287933,-1.3964364528656006,4.020669460296631,41.67673110961914,117.67745971679688,-0.01592007279396057,0.03465840965509415,-0.04523452743887901,-54
1712447018.8219965,18:43:38,0.01721366122364998,0.042245909571647644,0.8675608038902283,0.03164563700556755,0.08209298551082611,-1.4020613431930542,3.396324396133423,41.52522277832031,121.32696533203125,-0.06733705848455429,0.011395879089832306,0.05411786586046219,-55
1712447018.885049,18:43:38,-0.015550645999610424,0.015781516209244728,0.9460311532020569,0.030951322987675667,0.07471282035112381,-1.4021662473678589,3.078620672225952,40.9559326171875,122.08273315429688,-0.03568350151181221,-0.08736744523048401,0.10275638848543167,-52
1712447018.962655,18:43:38,-0.012094946578145027,0.020394576713442802,0.9772243499755859,0.02409726195037365,0.06977936625480652,-1.395296335220337,3.035374641418457,41.26514434814453,118.07628631591797,0.00270259752869606,-0.14580237865447998,0.28480997681617737,-50
1712447019.0392992,18:43:39,-0.005924055352807045,0.05827021971344948,0.9708882570266724,0.01611529290676117,0.06323409080505371,-1.3759329319000244,3.2896952629089355,40.330204010009766,118.07345581054688,-0.19796663522720337,-0.05325629562139511,0.4262252748012543,-69
1712447019.1063848,18:43:39,-0.09774692356586456,0.027921147644519806,1.0327872037887573,0.012987194582819939,0.05321064963936806,-1.342829704284668,3.175063133239746,39.65696334838867,115.79390716552734,0.06348369270563126,-0.18367603421211243,0.24113313853740692,-44
1712447019.1770322,18:43:39,-0.033075977116823196,0.10828548669815063,0.9491991996765137,0.003960385452955961,0.05822601169347763,-1.317878246307373,3.51855206489563,39.338802337646484,116.057373046875,0.07417383044958115,-0.039817262440919876,0.21578222513198853,-44
1712447019.2466848,18:43:39,-0.085405133664608,0.082792267203331,1.0128040313720703,0.007326304446905851,0.06550751626491547,-1.2945750951766968,3.7671961784362793,39.152671813964844,118.06007385253906,0.02998441457748413,0.13562613725662231,0.01756168343126774,-52
1712447019.3049629,18:43:39,-0.07676588743925095,0.05972697585821152,0.9701571464538574,0.021992336958646774,0.06643600016832352,-1.2793222665786743,3.954059362411499,39.03619384765625,117.27934265136719,-0.0422910638153553,0.15646974742412567,-0.06201248988509178,-51
1712447019.3714948,18:43:39,-0.015303810127079487,0.025736013427376747,0.8695103526115417,0.028677107766270638,0.06495398283004761,-1.2888128757476807,3.008509635925293,38.885581970214844,118.93399047851562,0.07315419614315033,-0.03404422476887703,-0.03814077377319336,-51
1712447019.4356022,18:43:39,-0.04739244282245636,0.07502290606498718,0.9767369627952576,0.02674245275557041,0.06933727115392685,-1.2941076755523682,3.0698506832122803,38.47138595581055,119.47283935546875,-0.02736622467637062,-0.09449565410614014,-0.06612760573625565,-51
1712447019.501274,18:43:39,-0.025917742401361465,0.08012154698371887,0.999400794506073,0.02150707319378853,0.0682365819811821,-1.3016786575317383,3.147578477859497,39.04983139038086,117.114013671875,0.062034089118242264,-0.0007795840501785278,0.004765399731695652,-51
1712447019.5616412,18:43:39,-0.052329156547784805,0.045159418135881424,1.0820139646530151,0.02324768342077732,0.07037289440631866,-1.3037035465240479,3.2803306579589844,39.33439254760742,116.66922760009766,0.028200320899486542,-0.0015182271599769592,-0.022268962115049362,-51
1712447019.618996,18:43:39,-0.07306335121393204,0.02063736878335476,0.955535352230072,0.02645205892622471,0.06754433363676071,-1.3044747114181519,2.9816665649414062,39.701412200927734,116.53298950195312,-0.0013275332748889923,-0.06082095950841904,-0.1549227088689804,-45
1712447019.676642,18:43:39,-0.054057009518146515,-0.009166584350168705,0.8972918391227722,0.022662092000246048,0.06206827610731125,-1.316461443901062,2.207639217376709,39.70161437988281,118.77470397949219,0.1910950094461441,-0.1683332473039627,-0.11765992641448975,-43
1712447019.7418532,18:43:39,-0.03751901909708977,0.011654043570160866,0.9250732660293579,0.016513358801603317,0.06441899389028549,-1.3287981748580933,3.23935866355896,39.387428283691406,120.0723648071289,0.049181800335645676,-0.06203547865152359,-0.06308960169553757,-47
1712447019.813206,18:43:39,-0.06936081498861313,0.022579709067940712,0.9589471220970154,0.0177147276699543,0.06553132086992264,-1.3274201154708862,3.69494366645813,39.18865966796875,119.26946258544922,0.10822317004203796,0.10380100458860397,-0.016851864755153656,-47
1712447019.8729901,18:43:39,-0.049613963812589645,0.05025806277990341,0.9628462195396423,0.025827081874012947,0.07120832800865173,-1.3249728679656982,3.679044485092163,39.73296356201172,116.45813751220703,0.05092731490731239,0.05880416929721832,0.055673159658908844,-54
1712447019.9405293,18:43:39,-0.02813926339149475,0.07429452240467072,0.9847790002822876,0.028823746368288994,0.07330785691738129,-1.3221344947814941,3.893629550933838,40.0516471862793,117.1326675415039,-0.05806729197502136,0.042613133788108826,0.08988510817289352,-54
1712447019.9946535,18:43:39,-0.02813926339149475,0.06968147307634354,1.0266947746276855,0.03178785368800163,0.06849508732557297,-1.318287968635559,3.30532169342041,39.95222091674805,118.12512969970703,-0.06492103636264801,-0.09671396762132645,0.04997972026467323,-46
1712447020.0711284,18:43:40,-0.05381016805768013,0.025007635354995728,0.9740563035011292,0.03218891844153404,0.06646225601434708,-1.3144925832748413,3.1848247051239014,39.25905990600586,116.21598052978516,0.07615265250205994,0.00015495344996452332,0.04235735908150673,-55
1712447020.139748,18:43:40,-0.04097472131252289,0.045887794345617294,0.9574849009513855,0.031409893184900284,0.06764938682317734,-1.3131673336029053,3.2592647075653076,38.61663055419922,118.00932312011719,0.034852731972932816,-0.044225309044122696,0.06144743040204048,-51
1712447020.2096927,18:43:40,-0.015550645999610424,0.035204920917749405,0.9569975137710571,0.02866421267390251,0.06796320527791977,-1.3160170316696167,3.1160058975219727,38.15906524658203,118.27388000488281,0.045268718153238297,0.014482134953141212,0.037376660853624344,-54
1712447020.2674692,18:43:40,-0.037765853106975555,0.04685896635055542,0.9940394163131714,0.030482687056064606,0.06894592940807343,-1.3181159496307373,2.960740804672241,38.11693572998047,117.04484558105469,0.04487014561891556,0.07281529903411865,-0.019285766407847404,-58
1712447020.3328955,18:43:40,-0.022462045773863792,0.040789153426885605,0.9984260201454163,0.03319919481873512,0.06896284222602844,-1.327847957611084,2.5543134212493896,38.071102142333984,117.3841323852539,0.02568499743938446,0.04586556553840637,-0.07227201014757156,-52
1712447020.3967915,18:43:40,-0.0007405069191008806,0.03617609292268753,0.9857537150382996,0.032483190298080444,0.06816980242729187,-1.3445565700531006,2.4341964721679688,37.57270431518555,117.76225280761719,-0.0007300153374671936,-0.01665370911359787,-0.03511805087327957,-52
1712447020.4568002,18:43:40,-0.014069631695747375,0.03471934050321579,0.9684512615203857,0.030062617734074593,0.06661680340766907,-1.357324481010437,2.131286144256592,37.193050384521484,117.79682922363281,-0.023374855518341064,0.025317609310150146,-0.0081050805747509,-52
1712447020.5183673,18:43:40,-0.027645593509078026,0.04613059014081955,0.9886780977249146,0.031597912311553955,0.0639626607298851,-1.360756754875183,2.0327231884002686,37.14008331298828,116.60150146484375,-0.026778683066368103,0.017190473154187202,-0.004669287241995335,-52
1712447020.581326,18:43:40,-0.007158233784139156,0.05802742764353752,0.9662579894065857,0.031414616852998734,0.06092975661158562,-1.3671483993530273,2.1291823387145996,36.71437072753906,116.55245971679688,-0.042166441679000854,0.034181687980890274,-0.014725325629115105,-52
1712447020.642424,18:43:40,-0.010120261460542679,0.03811843320727348,0.969669759273529,0.03141026943922043,0.057020094245672226,-1.375105857849121,2.0425119400024414,36.226898193359375,116.87252044677734,0.045756660401821136,-0.010404005646705627,0.01829579658806324,-52
1712447020.7185736,18:43:40,-0.003949370235204697,0.05195761099457741,0.9862411618232727,0.02952180616557598,0.058913055807352066,-1.380021572113037,2.081075668334961,36.23932647705078,116.23164367675781,0.06585420668125153,-0.03688705712556839,0.049196720123291016,-50
1712447020.783148,18:43:40,-0.02641141600906849,0.03569050878286362,1.015241026878357,0.0267113596200943,0.06338036805391312,-1.382542610168457,1.9663668870925903,36.11797332763672,114.64897155761719,0.14816132187843323,-0.02813849039375782,0.029255960136651993,-48
1712447020.8474889,18:43:40,-0.0012341781985014677,0.0776936262845993,0.9530983567237854,0.02405780740082264,0.0714784637093544,-1.3891196250915527,2.1182546615600586,36.529083251953125,115.58486938476562,-0.07067521661520004,0.04791472107172012,0.046795234084129333,-44
1712447020.919972,18:43:40,0.0014546754537150264,0.0313202403485775,0.9665017127990723,0.024473028257489204,0.06688664108514786,-1.3969950675964355,2.11611270904541,36.690269470214844,117.29214477539062,0.03924174606800079,0.031141676008701324,0.01831679791212082,-44
1712447020.98157,18:43:40,-0.022215208038687706,0.052200403064489365,0.9908714294433594,0.026325702667236328,0.06723694503307343,-1.398057222366333,1.9740139245986938,36.84880447387695,116.42141723632812,-0.05846330523490906,0.028563223779201508,0.022195681929588318,-45
1712447021.0405886,18:43:41,-0.00814557634294033,0.02476484328508377,0.9755184650421143,0.02647963911294937,0.06263532489538193,-1.4030373096466064,2.380549192428589,36.65395736694336,114.65510559082031,0.1693905144929886,0.08530132472515106,0.012787273153662682,-45
1712447021.1124406,18:43:41,-0.025917742401361465,0.04880130663514137,0.987459659576416,0.030372630804777145,0.07023755460977554,-1.4021918773651123,1.5579625368118286,36.8971061706543,116.37764739990234,0.08428385853767395,0.003873102366924286,-0.040885284543037415,-45
1712447021.1721308,18:43:41,-0.023943057283759117,0.06531120836734772,0.9652832746505737,0.0299088042229414,0.07342164218425751,-1.4076155424118042,1.4854955673217773,36.97903060913086,116.97877502441406,-0.03248031064867973,0.013627611100673676,-0.044070661067962646,-48
1712447021.232211,18:43:41,-0.028632935136556625,0.05341436713933945,0.9679639339447021,0.029724255204200745,0.07002897560596466,-1.4122376441955566,1.6202608346939087,37.3242301940918,116.23472595214844,-0.026527278125286102,0.006994329392910004,-0.04277472943067551,-49
1712447021.2997074,18:43:41,-0.02443673089146614,0.0497724786400795,0.9672328233718872,0.029311152175068855,0.06791548430919647,-1.4151450395584106,2.0340559482574463,37.060855865478516,115.850830078125,-0.014050561934709549,-0.0044866204261779785,-0.006192196160554886,-49
1712447021.370741,18:43:41,-0.026658250018954277,0.060698140412569046,0.981610894203186,0.028863297775387764,0.06592931598424911,-1.4152706861495972,1.5269759893417358,36.9856071472168,116.37648010253906,-0.008860182017087936,-0.002076026052236557,-0.018910400569438934,-50
1712447021.4359083,18:43:41,-0.0301139485090971,0.04710175842046738,0.9806361198425293,0.028928158804774284,0.06471526622772217,-1.4153337478637695,1.3774335384368896,36.98756790161133,116.15858459472656,0.03528022766113281,-0.0007493644952774048,-0.0018087630160152912,-58
