nan,nan,-73,1712445339.1229568
nan,nan,-67,1712445339.1917243
nan,nan,-68,1712445339.2487645
nan,nan,-75,1712445339.297997
nan,nan,-75,1712445339.359138
nan,nan,-74,1712445339.4194193
nan,nan,-71,1712445339.4910982
nan,nan,-73,1712445339.5624814
nan,nan,-73,1712445339.6258206
nan,nan,-72,1712445339.6938975
nan,nan,-72,1712445339.7654638
nan,nan,-72,1712445339.8314133
nan,nan,-74,1712445339.897675
nan,nan,-73,1712445339.961566
nan,nan,-73,1712445340.0321665
nan,nan,-73,1712445340.096608
nan,nan,-73,1712445340.146724
nan,nan,-73,1712445340.2061405
nan,nan,-73,1712445340.2757068
-1.5081482004791974e-05,-3.246294088627906e-05,-73,1712445340.3341513
-1.6667170712598983e-05,-3.400158170041727e-05,-73,1712445340.409062
-1.8815965927571125e-05,-3.727573716790144e-05,-73,1712445340.6196208
-2.0861284934079568e-05,-3.9001455737065275e-05,-73,1712445340.6833086
-2.329832745567349e-05,-4.1511093934392196e-05,-73,1712445340.749855
-2.6073135419351062e-05,-4.1969603478952144e-05,-73,1712445340.819595
-2.8022447216555028e-05,-4.382641597321922e-05,-66,1712445340.8761697
-2.825031839711793e-05,-4.4932861824524366e-05,-66,1712445340.9384604
-2.7513294268367837e-05,-4.6725459360241404e-05,-66,1712445341.001706
-2.7004045920799133e-05,-4.685447841835053e-05,-65,1712445341.058102
-2.7390799863997593e-05,-4.817045845062903e-05,-72,1712445341.1320145
-2.8121354250887594e-05,-4.70940177294626e-05,-67,1712445341.1999145
-2.8664463408715303e-05,-4.78119766523253e-05,-67,1712445341.2768824
-2.947359739961954e-05,-4.582464873900181e-05,-66,1712445341.3457446
-3.170178920338856e-05,-4.8430740193743655e-05,-66,1712445341.4111392
-3.4278308064194074e-05,-4.925816763100019e-05,-65,1712445341.4707668
-3.6667757306658653e-05,-5.225462161971926e-05,-65,1712445341.5349512
-3.8284015254452454e-05,-5.298417910227065e-05,-74,1712445341.6039069
-3.893855657666729e-05,-5.4920009403085104e-05,-74,1712445341.652697
-3.86651491517789e-05,-5.525475169063076e-05,-74,1712445341.7160954
-3.8450301236629865e-05,-5.659856008313387e-05,-75,1712445341.779106
-3.841519082537474e-05,-5.665251693170056e-05,-75,1712445341.8348408
-3.8113299010686104e-05,-5.705964139978537e-05,-73,1712445341.8893723
-3.731603572572787e-05,-5.6016703961268896e-05,-72,1712445341.9483004
-3.5358872226856546e-05,-5.61231144736562e-05,-72,1712445342.000665
-3.34306872211433e-05,-5.7346440180857404e-05,-72,1712445342.0595598
-3.266218264818252e-05,-5.873507313264137e-05,-75,1712445342.123258
-3.4292360596809814e-05,-5.966983441541761e-05,-75,1712445342.185983
-3.7494733875519406e-05,-6.00710296715025e-05,-65,1712445342.2498946
-3.9968589311314314e-05,-6.0422274928656384e-05,-72,1712445342.316375
-4.0906265989671137e-05,-6.012902517363708e-05,-69,1712445342.385331
-4.066870753737226e-05,-6.174806846021585e-05,-64,1712445342.449066
-3.99953141161622e-05,-6.17016866578297e-05,-64,1712445342.5175865
-3.915120796230927e-05,-6.319138101619766e-05,-73,1712445342.578814
-3.76498685859525e-05,-6.281023641878325e-05,-73,1712445342.6555092
-3.5371672472076814e-05,-6.33582004697727e-05,-66,1712445342.734838
-3.2129220962552085e-05,-6.252204430111271e-05,-67,1712445342.80172
-2.9460210194369223e-05,-6.317411627603791e-05,-74,1712445342.8679488
-2.7787544874921187e-05,-6.292927910017147e-05,-66,1712445342.9243133
-2.687493803039741e-05,-6.392112857998722e-05,-66,1712445342.9828346
-2.611500608769372e-05,-6.357068576747089e-05,-66,1712445343.0508273
-2.5605831907030743e-05,-6.431994942004484e-05,-67,1712445343.1188495
-2.4896477530397298e-05,-6.455753171164689e-05,-67,1712445343.1916318
-2.4971214070156203e-05,-6.530250758544173e-05,-67,1712445343.2489884
-2.5894802352542092e-05,-6.508117888494886e-05,-67,1712445343.3139224
-2.6635140306008516e-05,-6.431350733953016e-05,-67,1712445343.3695736
-2.608150905499182e-05,-6.304632566174546e-05,-67,1712445343.436844
-2.3403035287012176e-05,-6.256404657532075e-05,-67,1712445343.5041766
-1.9823488414044566e-05,-6.130349138171599e-05,-63,1712445343.5684862
-1.6998181511978444e-05,-6.0988481892013116e-05,-65,1712445343.6396449
-1.542198086924691e-05,-6.0314470656278916e-05,-67,1712445343.7087345
-1.452046164172681e-05,-5.9301608271017424e-05,-63,1712445343.777023
-1.4165131720334895e-05,-5.89147134968611e-05,-63,1712445343.837536
-1.422536317348035e-05,-5.790594206862581e-05,-64,1712445343.9075065
-1.4799853758031945e-05,-5.763081816335309e-05,-67,1712445343.9812393
-1.601622034481085e-05,-5.697436095287221e-05,-67,1712445344.0551229
-1.8467746125055052e-05,-5.8201694443808434e-05,-67,1712445344.1246252
-1.997285127841497e-05,-5.917914438234314e-05,-72,1712445344.1939583
-1.991645674507618e-05,-5.9363070338731015e-05,-68,1712445344.270796
-1.8684307771313134e-05,-6.010278148705475e-05,-69,1712445344.3501334
-1.748040899476101e-05,-6.0869900550708945e-05,-69,1712445344.4047894
-1.593325853642534e-05,-6.201492238851834e-05,-68,1712445344.4707558
-1.4054788945322139e-05,-6.220616659396309e-05,-72,1712445344.5390987
-1.219330528671449e-05,-6.340180617035215e-05,-72,1712445344.5998635
-1.0680498269535001e-05,-6.423759276229232e-05,-70,1712445344.6538465
-1.0366982792826364e-05,-6.5835821055047e-05,-66,1712445344.7141707
-1.089610420451351e-05,-6.650359686509803e-05,-67,1712445344.7763622
-1.164467498884946e-05,-6.711100986244532e-05,-65,1712445344.8394682
-1.1899773339538333e-05,-6.644651968785373e-05,-65,1712445344.9063442
-1.1573653062519973e-05,-6.611826482101156e-05,-66,1712445344.9687505
-1.1117551143542035e-05,-6.354555346126932e-05,-66,1712445345.0703838
-9.664263460476304e-06,-6.053750921770724e-05,-66,1712445345.160588
-7.160436433990242e-06,-5.5471641769475986e-05,-66,1712445345.23763
-4.524501947338397e-06,-5.348990296509855e-05,-66,1712445345.316712
-1.2366381133685826e-06,-4.671120262880726e-05,-66,1712445345.3951628
1.7278666235405253e-06,-4.44606955576517e-05,-66,1712445345.4863372
3.0326945952620235e-06,-3.794847975209598e-05,-72,1712445345.575671
3.8997605161594445e-06,-3.433515107431918e-05,-72,1712445345.6826982
3.9041706089203495e-06,-2.958124007124055e-05,-72,1712445345.770884
3.4552437168963745e-06,-2.6074944286911645e-05,-67,1712445345.852657
2.6617083897593664e-06,-2.1851502899870535e-05,-67,1712445345.95848
1.99889671636559e-06,-1.6719170029785858e-05,-64,1712445346.0550525
1.1210461556229641e-06,-1.4514619099492487e-05,-64,1712445346.1557555
1.589229946419283e-07,-1.0099530616702304e-05,-64,1712445346.2459722
7.46466419726731e-07,-7.009350430675797e-06,-62,1712445346.328121
1.9963876401467452e-07,-2.8945215669211526e-06,-62,1712445346.4211855
-9.532876900632771e-07,2.0394894936454548e-07,-62,1712445346.5125575
-2.067092520669628e-06,4.599925579831717e-06,-62,1712445346.5935152
-2.135478551294373e-06,1.6449184128544725e-05,-62,1712445346.6839805
-3.2264978090267268e-06,2.3336779480375687e-05,-62,1712445346.7748966
-7.453021710236132e-06,3.115195268732486e-05,-62,1712445346.861926
-1.265039960295624e-05,3.6773344045686277e-05,-61,1712445346.9707477
-1.906865539750154e-05,4.069280392089292e-05,-65,1712445347.0513034
-2.4774234221742662e-05,4.58372462332733e-05,-65,1712445347.124177
-3.1832063933429964e-05,4.924563007447924e-05,-67,1712445347.1824691
-4.0798054610046355e-05,5.5824089396028306e-05,-63,1712445347.246333
-4.908959028363198e-05,6.163103357026368e-05,-62,1712445347.316023
-5.632287735931982e-05,6.901413240496527e-05,-62,1712445347.3761926
-6.203237844187661e-05,7.616461685156767e-05,-61,1712445347.4304247
-6.760281388648094e-05,8.123045987223587e-05,-63,1712445347.5036905
-7.8759397062357e-05,8.975210859119995e-05,-62,1712445347.579133
-9.376527673082507e-05,0.00010040339889042391,-65,1712445347.641707
-0.0001140144928193669,0.00010998766193913033,-66,1712445347.7074103
-0.00013987253282592835,0.00011796290260541594,-64,1712445347.7664847
-0.0001691816157990709,0.00012487346403587286,-64,1712445347.8319538
-0.00019743064526856778,0.00013087044465407354,-60,1712445347.8958485
-0.00022566530471784119,0.00013725334228561125,-63,1712445347.9751558
-0.0002555768448011466,0.00014122665973998865,-63,1712445348.0411751
-0.0002890575975110747,0.00013763474208048444,-63,1712445348.103702
-0.0003234603673030258,0.0001371474138552406,-64,1712445348.1586895
-0.00035549893428560807,0.00013543268457658569,-62,1712445348.230224
-0.00038551045221787734,0.0001322154257098298,-63,1712445348.3025675
-0.0004121405355363656,0.00013291929730680348,-60,1712445348.3749664
-0.00043671937439950783,0.00013100768146652927,-61,1712445348.4280922
-0.0004579738310056845,0.0001312848178793215,-64,1712445348.495092
-0.00047470005005689905,0.00012852202210494992,-66,1712445348.566861
-0.0004890529432097066,0.00012865866657488573,-66,1712445348.624102
-0.0005034473367312829,0.00012696153840302519,-62,1712445348.6890464
-0.0005216615077880758,0.00012106313286838974,-63,1712445348.7541826
-0.0005409993065137627,0.0001170168183923169,-61,1712445348.8153236
-0.000553835068258484,0.00010245206506882285,-61,1712445348.8812582
-0.0005680226444607071,8.81313053837482e-05,-61,1712445348.939073
-0.0005816739738791624,7.194552098409658e-05,-61,1712445349.0064356
-0.0005945947220268795,5.934901060186996e-05,-59,1712445349.0701318
-0.000605211198134871,4.290284401953696e-05,-60,1712445349.1350543
-0.0006125814801796382,3.0796941975937276e-05,-60,1712445349.195006
-0.0006164770902684507,1.438455916850491e-05,-60,1712445349.2510855
-0.0006179121315494014,4.734904349385939e-06,-65,1712445349.309603
-0.0006197271446712856,-1.168361952152147e-05,-61,1712445349.3871074
-0.0006211711706471764,-1.7391298347901387e-05,-61,1712445349.452293
-0.0006209991669723294,-3.2742781688832416e-05,-63,1712445349.5201008
-0.0006218942599869367,-3.840803036377469e-05,-63,1712445349.58014
-0.000625243591422458,-5.7100117014917415e-05,-63,1712445349.6409168
-0.0006319749257994373,-6.413738824228198e-05,-66,1712445349.7096002
-0.0006413312625890932,-8.39570284887298e-05,-66,1712445349.7766647
-0.0006520014612905495,-9.010579706144029e-05,-62,1712445349.8415818
-0.0006623214978621682,-0.00010987984008629072,-64,1712445349.9075382
-0.0006737036617364912,-0.00011781037039552102,-63,1712445349.9671924
-0.0006834890953505521,-0.00013257724243209424,-66,1712445350.030018
-0.0006924898296972568,-0.00013609630491963774,-63,1712445350.1045532
-0.0007024896960643034,-0.0001509557374644619,-63,1712445350.1679883
-0.00071197971214868,-0.00014644843295377088,-63,1712445350.2337718
-0.0007225305513382792,-0.00016574336560571,-63,1712445350.2876692
-0.000734163612835385,-0.00017778791870194497,-62,1712445350.3512578
-0.0007511609271275962,-0.00019651072630927417,-67,1712445350.4128225
-0.0007701506659412673,-0.0002047822595653564,-63,1712445350.4836786
-0.0007915874333421721,-0.0002219779548650976,-63,1712445350.5508456
-0.0008117120317783869,-0.00023060740402838526,-65,1712445350.6079185
-0.0008268176528934201,-0.00024686776415634254,-63,1712445350.6784446
-0.0008396253448734011,-0.000257118941688139,-67,1712445350.7422
-0.00085399717597654,-0.00027049518095686456,-67,1712445350.813896
-0.0008705876303350018,-0.0002734245915146358,-67,1712445350.8730855
-0.0008867034528056292,-0.00028144661747497716,-61,1712445350.936598
-0.0009004444627474354,-0.00028210714537483617,-61,1712445351.0043132
-0.0009121556217705775,-0.00028942869534903,-63,1712445351.0687437
-0.0009221075248075876,-0.0002920033087131368,-63,1712445351.1254632
-0.0009320048102999693,-0.0003006679370662018,-63,1712445351.192146
-0.0009408464723284247,-0.0003038215830930504,-63,1712445351.2636871
-0.0009493230747417052,-0.0003115650519394938,-64,1712445351.3201437
-0.0009588555488255634,-0.00031331786614944743,-64,1712445351.383186
-0.0009688670812127733,-0.00031573718596350427,-64,1712445351.440483
-0.0009757027437669915,-0.00033834161243975037,-60,1712445351.5009315
-0.0009789244205662061,-0.0003385328112663224,-62,1712445351.5648296
-0.00097830534314223,-0.00034349469234336934,-62,1712445351.6206503
-0.0009747943920484352,-0.0003429088096732943,-64,1712445351.696066
-0.0009727814625311544,-0.00034974099810288595,-69,1712445351.7657807
-0.0009711315995332662,-0.00035042483483431486,-69,1712445351.8302832
-0.0009720699554224747,-0.0003551307465047565,-67,1712445351.885186
-0.0009766265029266543,-0.00035983342963406487,-71,1712445351.944533
-0.0009857430092947604,-0.00036640255031990314,-72,1712445352.002295
-0.0009974078777933754,-0.00037574304870568244,-72,1712445352.0874407
-0.0010066268574232815,-0.0003888206526781482,-72,1712445352.1724644
-0.0010151302050136787,-0.00040073386292815256,-72,1712445352.2652514
-0.0010260824990497833,-0.0004158320997392195,-69,1712445352.3614466
-0.001038906291259361,-0.00042932637733633373,-78,1712445352.4501429
-0.0010548579289826252,-0.0004394978373051453,-68,1712445352.5399458
-0.0010751976584419578,-0.0004500053466211575,-73,1712445352.6391027
-0.0010955213045706171,-0.0004635960800303513,-73,1712445352.7473695
-0.0011137592802712341,-0.00046937778176469263,-71,1712445352.8287995
-0.0011332897905386992,-0.0004862651735238515,-71,1712445352.909484
-0.0011504519603913739,-0.0004891218895505168,-71,1712445353.0078657
-0.0011676534487250027,-0.0004906817179105925,-75,1712445353.088471
-0.001182558322930878,-0.00048813998102981165,-70,1712445353.1801157
-0.0011923187947539351,-0.0004959801657136852,-70,1712445353.26981
-0.0011825177964400726,-0.000492885802122812,-62,1712445353.3519042
-0.0011661126462523994,-0.0005001165440085482,-62,1712445353.4290252
-0.0011495830184825502,-0.000495718546904922,-60,1712445353.5065107
-0.0011332100687469278,-0.0005066129898436886,-61,1712445353.5884492
-0.0011163977379774694,-0.0004978297837333748,-72,1712445353.6713502
-0.001095775299022733,-0.0005068183930707512,-72,1712445353.7586386
-0.0010721757081032753,-0.0004963914738246089,-72,1712445353.8540988
-0.001050336729528698,-0.0005044634808382099,-61,1712445353.9438412
-0.0010295366357605262,-0.0004943662104022674,-61,1712445354.0265458
-0.0010067272339103262,-0.0005013599758436516,-61,1712445354.090073
-0.0009835380289232411,-0.0004916980926313933,-61,1712445354.1458094
-0.0009593161662405361,-0.0005041059760840736,-70,1712445354.216005
-0.0009315482291765854,-0.0004983958582477398,-59,1712445354.28746
-0.0009041902004204913,-0.0005072382991829223,-59,1712445354.350373
-0.0008778658247046349,-0.0005043712349016027,-60,1712445354.4169288
-0.0008478575821446371,-0.0005084843921521957,-59,1712445354.4712868
-0.0008167876598011572,-0.0005048675235803851,-68,1712445354.5379632
-0.0007814213146027725,-0.0005094922240498832,-61,1712445354.6048968
-0.0007451448754996966,-0.0005084941535332564,-62,1712445354.6688187
-0.0007115243062219572,-0.0005073971757859094,-61,1712445354.7295146
-0.0006954765856353496,-0.0005044299516190744,-61,1712445354.8007145
-0.0006839920283216964,-0.0005049385073167898,-61,1712445354.874614
-0.0006707524646243807,-0.0005059928965908723,-63,1712445354.9408088
-0.0006558435286661378,-0.0005060449345205343,-63,1712445355.0139153
-0.0006394463144962817,-0.0005091140635695146,-60,1712445355.089933
-0.0006231418681232452,-0.0005101788981043377,-63,1712445355.1447372
-0.0006054058871781331,-0.0005135753940447583,-63,1712445355.2155104
-0.0005887557834145645,-0.0005166897217052639,-70,1712445355.2922783
-0.000570789676891112,-0.0005234361877608817,-70,1712445355.3499608
-0.0005536494954900193,-0.0005267564650503363,-74,1712445355.4193313
-0.0005377787106827923,-0.0005334146077591586,-74,1712445355.4914055
-0.0005224146633123083,-0.0005364735263136402,-74,1712445355.5584764
-0.0005082735337467454,-0.0005415376785054568,-67,1712445355.6250634
-0.0004938262336775174,-0.000542413996471204,-67,1712445355.6803558
-0.00047894151698759274,-0.0005523060769764518,-67,1712445355.7451875
-0.00046435538740312386,-0.0005547025210023754,-67,1712445355.8072429
-0.00045276364078308183,-0.0005594993507106373,-65,1712445355.870865
-0.0004451437044696967,-0.00056851447548062,-65,1712445355.938717
-0.00043393325528932316,-0.0005804623979241112,-65,1712445356.0190694
-0.0004216396414165165,-0.0005801250716528753,-64,1712445356.0903049
-0.0004040096590548204,-0.0005882719988933994,-63,1712445356.1441295
-0.00038242866707457427,-0.0005862078231056368,-63,1712445356.2167082
-0.0003590955752116016,-0.0005827548134276511,-63,1712445356.281798
-0.00033520385544981196,-0.00058571656862712,-74,1712445356.3490157
-0.0003099171632720498,-0.0005721829697033296,-62,1712445356.4081097
-0.00028331546374202934,-0.0005708059379893878,-62,1712445356.4812436
-0.00026598545411078077,-0.0005512728611685293,-62,1712445356.542573
-0.0002493253589869546,-0.0005496050786815615,-70,1712445356.6037612
-0.00023718451361071799,-0.000521859628037255,-70,1712445356.6561177
-0.00022784810708976116,-0.0004988205182800921,-69,1712445356.7304363
-0.00021838735764065595,-0.00045085005951796785,-76,1712445356.786848
-0.0002067115933689274,-0.000430177571174286,-75,1712445356.856373
-0.000205099235572501,-0.00037363230504601833,-73,1712445356.9101157
-0.00021302926885787915,-0.000340631344858087,-69,1712445356.9922502
-0.00023344336981228573,-0.00026606302818718043,-75,1712445357.0645435
-0.0002636750715674881,-0.0002218989153188157,-75,1712445357.1190083
-0.0002941270415053535,-0.00014137408009701357,-66,1712445357.1771553
-0.00032519362548972755,-7.924516600838106e-05,-66,1712445357.2380102
-0.00034953625361016136,1.5042078150437284e-05,-66,1712445357.2932725
-0.00037117050913264315,7.125848176918499e-05,-66,1712445357.3467588
-0.00039757718024954715,0.000164349001159474,-73,1712445357.4075234
-0.000432541414542054,0.00021865192053943986,-68,1712445357.4751184
-0.00046803236667616356,0.00030357131658036846,-68,1712445357.549778
-0.0004999632363455466,0.00036135839383871695,-72,1712445357.621383
-0.0005231558598458844,0.00044563554139241907,-65,1712445357.689378
-0.0005337278683647858,0.0004947678200209209,-67,1712445357.7548287
-0.0005380273120155427,0.000563879354794955,-67,1712445357.81258
-0.0005328951763219586,0.0006248949708820951,-67,1712445357.8677032
-0.0005131606539304688,0.0006903133440062982,-66,1712445357.93268
-0.0004869178947387239,0.0007163697229733295,-66,1712445357.9967625
-0.00045039039725669515,0.0007444128861729217,-66,1712445358.06731
-0.0003900288338447255,0.0007628372146617696,-65,1712445358.1386645
-0.0003278186722926544,0.00077783385845844,-65,1712445358.1953895
-0.00023038568920124794,0.000772023575726591,-67,1712445358.2606308
-0.00011333856993144117,0.0007754233125834187,-75,1712445358.3285117
2.807525000458523e-05,0.0007695338228588035,-75,1712445358.3867216
0.00018204212646524693,0.0007530190797277551,-75,1712445358.449825
0.00036286381528549525,0.0007404644348353777,-73,1712445358.5166829
0.0005403083547454282,0.000708210916867971,-71,1712445358.586408
0.0007223592680121154,0.0007034971933734626,-64,1712445358.6443632
0.0009242545418083517,0.0006746792401625516,-63,1712445358.7167811
0.0011429086054089914,0.0006807712214864084,-65,1712445358.7781906
0.0013639087329581792,0.0006511735051176377,-65,1712445358.8364713
0.001592041116038448,0.0006630712270516931,-65,1712445358.9002037
0.0018176793005779182,0.0006274151960458355,-62,1712445358.966674
0.0020306351930323334,0.0006455781641973886,-62,1712445359.021437
0.0022346960399293515,0.0006261148332734926,-64,1712445359.115795
0.002423591058484255,0.0006275812408678538,-69,1712445359.2173283
0.0026006509642800477,0.0005883662834184646,-69,1712445359.3024187
0.002762745256857182,0.0005859895069716169,-69,1712445359.4015908
0.0029194483264142037,0.0005539130752424084,-70,1712445359.489354
0.0030363193901776922,0.0005524781755541304,-78,1712445359.5827816
0.003151734510989665,0.0005223214338866104,-74,1712445359.6898258
0.0032264341935591342,0.0005533893441203957,-74,1712445359.7854104
0.0032772595759864185,0.0005218967730868394,-66,1712445359.8618157
0.0032968931949878453,0.0005516242360622627,-74,1712445359.9469912
0.0033019677775149047,0.0005266093033111227,-66,1712445360.02635
0.003281267389639339,0.0005580430560083837,-72,1712445360.1202886
0.003245726161846129,0.0005611813231109462,-70,1712445360.21111
0.003198437558479892,0.0005872860829383866,-68,1712445360.3074071
0.003125415878992745,0.0005866109548107024,-68,1712445360.386345
0.0030466968913924536,0.0006084102704460881,-66,1712445360.470793
0.0029589663760780814,0.000606231969617458,-66,1712445360.5446994
0.0028572315635084916,0.0006203201578454278,-66,1712445360.6241145
0.0027511291284830915,0.0006071991656827483,-62,1712445360.7053342
0.002633746835878424,0.000613260928647863,-77,1712445360.7992744
0.0025202088018077043,0.0005988477667266495,-61,1712445360.8820963
0.002412989012057905,0.0006342982074238307,-70,1712445360.9604762
0.0022737130444742907,0.0006513413800280793,-70,1712445361.048947
0.0021257169176273987,0.0007019579941123747,-70,1712445361.1191487
0.0019682957793897967,0.0007339544531934259,-64,1712445361.2240815
0.0018389665466461112,0.0007959152168678513,-65,1712445361.32472
0.0017303054026332233,0.0008316852089386096,-65,1712445361.3927283
0.001643900485333254,0.0008717067595126655,-63,1712445361.4548707
0.0015757015907026824,0.000911634634377936,-73,1712445361.5279307
0.0015219032422635393,0.0009371946969492211,-61,1712445361.5992355
0.001482767671781372,0.0009693777495670689,-70,1712445361.6790218
0.0014378510509840622,0.000986874910148689,-70,1712445361.739858
0.0014122060048117578,0.0009919920757490003,-66,1712445361.796995
0.0014110837655046293,0.0009915558876912997,-65,1712445361.858231
0.0014371862018171372,0.0009784754944734734,-65,1712445361.9170854
0.0014852756967164318,0.0009653267765181936,-65,1712445361.9737337
0.0015847493099829877,0.0009532058230997386,-63,1712445362.0393422
0.0017156284471817624,0.0010279275466819505,-63,1712445362.0965345
0.0018767455017468279,0.0011616518463761034,-63,1712445362.163986
0.002001717581551828,0.0014010939062280303,-78,1712445362.2197237
0.002078016935180708,0.001718094005807114,-66,1712445362.2910066
0.002000343954820143,0.0021112529141963875,-75,1712445362.3577323
0.0016631845320059316,0.0025209609385311625,-75,1712445362.4188557
0.0010074409479262113,0.0027836239561284887,-75,1712445362.4775505
5.8582919696243196e-05,0.002912901599899216,-75,1712445362.5320525
-0.0012194044985463974,0.002940449070475626,-75,1712445362.6037571
-0.0027969555242395327,0.0029390544548274296,-71,1712445362.662394
-0.004628528750180508,0.0029085581532489356,-70,1712445362.7306364
-0.006661945556235724,0.00289499395162318,-73,1712445362.7997878
-0.008832492506347798,0.0028829604246648722,-70,1712445362.8674755
-0.011099352784745312,0.002870546081120921,-68,1712445362.9354556
-0.013388490607872883,0.0028388253494505693,-71,1712445362.9963834
-0.01567253594769333,0.0028316906706391414,-72,1712445363.058229
-0.017943942213140756,0.0028087565355002773,-72,1712445363.1115916
-0.0201716521131773,0.0028381566632216726,-72,1712445363.1749706
-0.02237829834173846,0.002856213118409676,-81,1712445363.2455382
-0.024576769227372584,0.0028861440499138706,-81,1712445363.304932
-0.026742208894702035,0.002833422197232329,-72,1712445363.3628323
-0.02887019002857747,0.00272708179580636,-72,1712445363.4367452
-0.030874711660497565,0.0025215827168295563,-72,1712445363.5010087
-0.032756304141035246,0.0022373338874693114,-72,1712445363.5716228
-0.03441272440370603,0.001857132857787138,-72,1712445363.6449325
-0.03570936650745819,0.0014781627470594767,-72,1712445363.7125046
-0.03661052816636155,0.0012216452614098277,-74,1712445363.782765
-0.037158598054993275,0.0011348930636092376,-75,1712445363.8566194
-0.03736284038017421,0.0010949894017653352,-78,1712445363.9182332
-0.03724842706180063,0.001132999959630366,-69,1712445363.993359
-0.03685195849249108,0.0011489843635714779,-68,1712445364.0600142
-0.03621704791921439,0.0011979285609769119,-70,1712445364.1296551
-0.03541014843574461,0.0011843745058220776,-64,1712445364.2023263
-0.03447622901478955,0.001227075633872724,-68,1712445364.2795467
-0.033477420450956995,0.0012243306384993138,-68,1712445364.3507438
-0.032478100832417055,0.0012789657331520828,-64,1712445364.4059207
-0.03149868370748972,0.0013072998408943113,-60,1712445364.4630833
-0.03058126891420377,0.001333319500478093,-60,1712445364.5207822
-0.029703973182029116,0.001324099829262362,-63,1712445364.5829942
-0.02886259400224968,0.001350800575124793,-67,1712445364.6630166
-0.028061303961179247,0.0013217044626232335,-67,1712445364.724606
-0.027305347541467108,0.0013403978028395406,-65,1712445364.7854471
-0.026604216870352415,0.0012948576107024046,-63,1712445364.840319
-0.025930072980896206,0.00129698448481552,-64,1712445364.8987982
-0.025314608511094756,0.0012624405958238042,-64,1712445364.9582615
-0.024739869944627783,0.0012330333062832012,-64,1712445365.0204415
-0.02420653530497474,0.0011955508770298943,-64,1712445365.0927584
-0.02371949508889731,0.0011446750603599596,-64,1712445365.1456184
-0.023238201428230392,0.0011132930881771065,-67,1712445365.1977372
-0.02276405268045683,0.0010521915392880947,-63,1712445365.2710648
-0.02230149970023209,0.0010048716577238741,-65,1712445365.3327744
-0.02185235103179954,0.000933585838608558,-65,1712445365.4040897
-0.02141986746825151,0.0009154327123701952,-65,1712445365.4628131
-0.020995256027857935,0.0008669973520442165,-70,1712445365.5271368
-0.020591406342603237,0.0008658629617283482,-70,1712445365.5825508
-0.02019023976760263,0.0008285441328486655,-66,1712445365.633009
-0.01979388746286166,0.0008119207965221247,-66,1712445365.6978028
-0.019383392593737992,0.0007902541219004595,-66,1712445365.754818
-0.018950441719343243,0.0007834253881312229,-66,1712445365.8113697
-0.018492018900987443,0.000770415550719936,-63,1712445365.8766084
-0.018011697774075193,0.0007806011236309991,-60,1712445365.9414735
-0.017510006372950755,0.0007760212260921783,-60,1712445365.9999692
-0.016978122707421096,0.0007960445048027013,-60,1712445366.065944
-0.016452879434718088,0.0008178782455372533,-60,1712445366.1279771
-0.015911968264005448,0.0008319134310126568,-62,1712445366.1902308
-0.015362808463915708,0.0008606925312195417,-62,1712445366.265154
-0.014807781772021782,0.0008860635816701195,-61,1712445366.3255353
-0.014236604878757895,0.0009227570142142372,-61,1712445366.435107
-0.013646950210128248,0.0009544147764148399,-61,1712445366.506677
-0.013043304327759603,0.001009146282396153,-61,1712445366.5954564
-0.012441733011566886,0.0010621423525705802,-61,1712445366.6790285
-0.011807580700424296,0.0011352830255012497,-61,1712445366.758546
-0.011162757362136374,0.0011738995982185966,-61,1712445366.8437042
-0.010545528376161104,0.001253227438111132,-74,1712445366.9222462
-0.009920480398933427,0.0012864653602704973,-57,1712445367.0167773
-0.009266204943711184,0.0013547112900263254,-74,1712445367.0959363
-0.008589156126427902,0.0013833267518996773,-74,1712445367.1755447
-0.007892769778985117,0.001454909235529877,-75,1712445367.2695153
-0.007183684511045606,0.0014910005203484446,-75,1712445367.3372471
-0.0065009390010620964,0.0015611866372401617,-75,1712445367.4231098
-0.005830801927770782,0.001592219598445579,-66,1712445367.536471
-0.005197486783034083,0.0016608333445093247,-66,1712445367.5937214
-0.004561637082149159,0.0016887564810395786,-66,1712445367.6578588
-0.003905564121909484,0.0018693192674135478,-54,1712445367.7286978
-0.0032352981831088,0.002087334352050972,-61,1712445367.7903152
-0.002604372352311229,0.0024646517748602398,-65,1712445367.8552196
-0.002166786509470082,0.002855495184966305,-58,1712445367.918436
-0.0020358414526816136,0.003234304476709265,-58,1712445367.9796665
-0.0022468967010467614,0.0035541815094646324,-60,1712445368.049795
-0.002801596375749538,0.00365869193809617,-56,1712445368.116294
-0.0035907441119692298,0.0036116172849564665,-56,1712445368.174091
-0.004550301189717251,0.003303718705092324,-62,1712445368.2372153
-0.005558911792773542,0.0027639752479623283,-63,1712445368.3012505
-0.0065760075756202355,0.001873491770373387,-56,1712445368.390237
-0.007626774803845214,0.0006708303578142705,-56,1712445368.4550488
-0.008696975955981049,-0.000944077010103038,-56,1712445368.5253909
-0.009771717708331391,-0.002847095805388042,-56,1712445368.5892186
-0.010876028337142263,-0.005090014741676692,-56,1712445368.656936
-0.012027510666323519,-0.0074889872093069475,-56,1712445368.7255714
-0.013165773105399311,-0.010050125360991844,-56,1712445368.7963154
-0.014352046191157628,-0.012619248720482729,-55,1712445368.8628771
-0.015526788478770735,-0.015240206705590096,-57,1712445368.9364748
-0.016765498451127087,-0.017798632696211604,-57,1712445368.9984934
-0.018034095347279882,-0.020525549853348726,-54,1712445369.0619636
-0.019355241411503916,-0.02325637346253396,-46,1712445369.1219854
-0.02064923736051371,-0.0261479034383242,-46,1712445369.185503
-0.02177174530895866,-0.029048241078826788,-42,1712445369.2561333
-0.022611781947983068,-0.031921254659112094,-46,1712445369.3186228
-0.023137658335366705,-0.03470624841313196,-44,1712445369.3937082
-0.023367213119194395,-0.037298809472896814,-43,1712445369.4535065
-0.02336058308144758,-0.03972332614284956,-45,1712445369.5148604
-0.023234229451195795,-0.041928262621306375,-42,1712445369.590353
-0.02307388637154238,-0.04387671364853394,-42,1712445369.654119
-0.022904695173664294,-0.045525403839097194,-42,1712445369.716879
-0.022697671307837057,-0.04682534849900089,-41,1712445369.7864578
-0.022521288400359572,-0.047772474236582124,-46,1712445369.8456254
-0.022329268677942386,-0.04837379434033867,-44,1712445369.9010916
-0.022170292407237273,-0.04868991465016041,-47,1712445369.967805
-0.021984508109093227,-0.048803561960272517,-41,1712445370.025229
-0.021842801177777257,-0.048797935880796256,-41,1712445370.0927544
-0.02167491235090781,-0.04873642618966132,-43,1712445370.1670663
-0.021526407511896085,-0.04866529465833551,-43,1712445370.222949
-0.021349986095516672,-0.04859804751718909,-46,1712445370.287532
-0.021199387672118934,-0.048529155538377555,-46,1712445370.3488028
-0.021014316403295184,-0.04846673519765773,-46,1712445370.4185247
-0.02084019313978542,-0.04838840089629951,-56,1712445370.479859
-0.020647704808958826,-0.04829852102680052,-47,1712445370.541226
-0.020456300595210995,-0.04822883531245391,-50,1712445370.6035657
-0.020257571863568212,-0.04815910517764892,-44,1712445370.659971
-0.020033361222888263,-0.048101311290048965,-42,1712445370.722935
-0.019812817661853367,-0.04802344534698993,-46,1712445370.7829518
-0.019576359875536846,-0.047927508317685955,-46,1712445370.850852
-0.019337261957462062,-0.04782760121335276,-46,1712445370.909571
-0.019077871727151186,-0.04771512883893021,-44,1712445370.9703326
-0.018832617177107637,-0.04759153379456624,-45,1712445371.0295954
-0.01855311401875956,-0.04744763418313132,-45,1712445371.0864584
-0.01830616645471853,-0.04730138068941121,-46,1712445371.1456938
-0.018027581189711324,-0.047140504360376353,-44,1712445371.2073753
-0.01774731588797331,-0.046993423527079706,-45,1712445371.2656257
-0.01745432948436835,-0.04684523478688946,-45,1712445371.3146951
-0.01713425557027107,-0.04670278306031013,-45,1712445371.377279
-0.01679671873080984,-0.046547936298711234,-45,1712445371.446873
-0.016463317342608603,-0.04641695777320036,-45,1712445371.5101926
-0.016086983973980874,-0.04627591244605845,-45,1712445371.5729804
-0.01571173711678336,-0.04615369935176952,-43,1712445371.6435626
-0.015326485401880627,-0.04603478383842431,-46,1712445371.7076824
-0.014941209915603404,-0.045923136434122956,-46,1712445371.7655864
-0.014534338897342952,-0.04577772047890375,-41,1712445371.832701
-0.014124659441681847,-0.04567233570761535,-41,1712445371.8928285
-0.013693936110492305,-0.04552015093001813,-40,1712445371.9577968
-0.0132505851610674,-0.04541107799219067,-40,1712445372.0222602
-0.012805937397502992,-0.04528642340065115,-40,1712445372.09534
-0.012346438871154233,-0.04517895082180874,-43,1712445372.1526926
-0.01188807171606147,-0.045058946641799574,-43,1712445372.222829
-0.011411776929904475,-0.044964188338446724,-43,1712445372.2940004
-0.010929518613669984,-0.044864093993512016,-43,1712445372.3658938
-0.010423123271897152,-0.04479112033402602,-40,1712445372.432505
-0.009888809339059154,-0.044717286636055585,-47,1712445372.4947915
-0.00935037300746826,-0.044642704820366794,-47,1712445372.5800035
-0.008781589309938673,-0.04456172852414968,-53,1712445372.662612
-0.008222936723553589,-0.04448228319124207,-53,1712445372.7506704
-0.007651006366182013,-0.04440229498510966,-45,1712445372.8068993
-0.007056585812864442,-0.0443145052128194,-42,1712445372.8846514
-0.006464472073771758,-0.044239624319231216,-42,1712445372.955498
-0.005852787835407809,-0.044155959968692905,-42,1712445373.0269947
